Process,Species,Covariate,Mean,SD,5%,50%,95%,Rhat,ESS,Migratory
Occupancy,Acadian Flycatcher,Intercept,0.1912,0.2455,-0.2078,0.1899,0.6009,1.009,1093,NE
Occupancy,Alder Flycatcher,Intercept,-4.6216,1.315,-6.5972,-4.6522,-2.7102,1.0256,456,NE
Occupancy,American Crow,Intercept,-0.0465,0.3586,-0.5501,-0.085,0.5649,0.9996,1200,R
Occupancy,American Goldfinch,Intercept,2.6628,0.7363,1.737,2.5167,4.0829,1.0012,918,M
Occupancy,American Kestrel,Intercept,-4.5448,1.2468,-6.5234,-4.5515,-2.5535,1.0195,711,R
Occupancy,American Redstart,Intercept,-2.9672,0.5013,-3.8005,-2.9684,-2.1472,1.0028,1332,NE
Occupancy,American Robin,Intercept,2.6351,0.3827,2.0564,2.6161,3.3281,1.0034,1200,M
Occupancy,American Woodcock,Intercept,-4.275,0.9362,-5.7557,-4.2818,-2.7891,1.01,781,M
Occupancy,Barred Owl,Intercept,-3.2875,1.1487,-5.0193,-3.3625,-1.4129,1.0593,518,R
Occupancy,Bald Eagle,Intercept,-3.4377,1.4129,-5.4218,-3.551,-1.0869,1.0404,228,R
Occupancy,Bank Swallow,Intercept,-4.2338,1.1182,-5.9617,-4.2777,-2.3513,1.0111,708,NE
Occupancy,Baltimore Oriole,Intercept,-0.4231,0.3099,-0.8826,-0.4433,0.1168,1.0095,1200,NE
Occupancy,Barn Swallow,Intercept,-1.8667,0.8009,-2.912,-1.9691,-0.4795,1.0097,740,NE
Occupancy,Black-capped Chickadee,Intercept,3.0492,0.7445,2.1018,2.9244,4.3819,1.0028,1499,R
Occupancy,Belted Kingfisher,Intercept,-0.9004,0.797,-2.0151,-1.0176,0.5679,1.0293,800,R
Occupancy,Blue-gray Gnatcatcher,Intercept,1.2169,0.4115,0.6409,1.1651,1.9481,1.0029,1200,M
Occupancy,Brown-headed Cowbird,Intercept,1.9184,0.4518,1.2985,1.8608,2.7602,1.0106,1318,M
Occupancy,Blue-headed Vireo,Intercept,-4.5263,1.1771,-6.4949,-4.5051,-2.5598,1.0061,870,NE
Occupancy,Blue Jay,Intercept,2.3014,0.4144,1.6946,2.266,3.0576,1.004,1200,M
Occupancy,Bobolink,Intercept,-5.9315,1.5924,-8.6984,-5.8624,-3.5178,1.004,696,NE
Occupancy,Brown Creeper,Intercept,-2.2452,0.4955,-3.0463,-2.2624,-1.4093,1.0001,1086,M
Occupancy,Brown Thrasher,Intercept,-3.4084,0.9812,-4.9642,-3.4596,-1.7278,1.019,900,M
Occupancy,Black-throated Green Warbler,Intercept,-6.0107,1.5531,-8.5702,-5.9199,-3.6457,1.0048,745,NE
Occupancy,Broad-winged Hawk,Intercept,-3.6784,1.1212,-5.3441,-3.7311,-1.6608,1.0054,646,NE
Occupancy,Blue-winged Warbler,Intercept,-3.3745,0.6747,-4.4806,-3.3688,-2.2742,1.0035,1200,NE
Occupancy,Canada Goose,Intercept,-1.144,1.0144,-2.5616,-1.2652,0.7494,1.0214,522,R
Occupancy,Carolina Wren,Intercept,0.1637,0.4349,-0.4656,0.1294,0.9354,1.0039,1200,R
Occupancy,Cedar Waxwing,Intercept,-0.0582,0.3458,-0.566,-0.0834,0.57,1.018,1200,M
Occupancy,Cerulean Warbler,Intercept,-5.9266,1.6624,-8.8318,-5.7489,-3.5001,1.0055,672,NE
Occupancy,Chipping Sparrow,Intercept,-1.0978,0.3771,-1.6536,-1.1249,-0.4421,1.0008,1200,M
Occupancy,Chimney Swift,Intercept,1.1799,0.8611,0.2858,0.9589,2.7691,1.0027,590,NE
Occupancy,Cliff Swallow,Intercept,-4.7819,1.2724,-6.8246,-4.7529,-2.7632,1.0019,777,NE
Occupancy,Common Grackle,Intercept,0.1837,0.4613,-0.5138,0.1506,0.9889,1.0025,1200,M
Occupancy,Cooper's Hawk,Intercept,-2.4793,0.6421,-3.4043,-2.5297,-1.3784,1.015,978,M
Occupancy,Common Yellowthroat,Intercept,-1.0629,0.2307,-1.426,-1.0643,-0.6846,1.0103,1200,NE
Occupancy,Dark-eyed Junco,Intercept,-1.9924,0.4749,-2.7297,-2.0139,-1.1967,1.0014,831,R
Occupancy,Downy Woodpecker,Intercept,2.5932,0.7328,1.6919,2.4727,3.9329,1.0176,1082,R
Occupancy,Eastern Bluebird,Intercept,-0.5668,0.7065,-1.4414,-0.6972,0.7318,1.004,776,M
Occupancy,Eastern Kingbird,Intercept,-3.313,0.5225,-4.1736,-3.2948,-2.4844,1.018,1200,NE
Occupancy,Eastern Meadowlark,Intercept,-4.3644,0.8717,-5.8061,-4.3212,-3.0242,1.0061,1200,M
Occupancy,Eastern Phoebe,Intercept,-1.2582,0.5584,-2.0354,-1.3392,-0.2941,1.0017,964,M
Occupancy,Eastern Towhee,Intercept,-1.3823,0.3055,-1.8821,-1.3766,-0.9121,1.001,1200,M
Occupancy,Eastern Wood-Pewee,Intercept,2.7687,0.4725,2.0906,2.727,3.5825,1.0091,1200,NE
Occupancy,European Starling,Intercept,-2.1292,0.377,-2.7591,-2.1167,-1.5334,1.0028,1200,R
Occupancy,Field Sparrow,Intercept,-3.164,0.4261,-3.9086,-3.1427,-2.5026,1.0024,1200,M
Occupancy,Great Blue Heron,Intercept,-2.2261,0.7978,-3.3048,-2.3124,-0.8511,1.0001,819,M
Occupancy,Great Crested Flycatcher,Intercept,1.7624,0.9045,0.7426,1.5521,3.4848,1.01,790,NE
Occupancy,Great Horned Owl,Intercept,-4.481,1.2496,-6.5008,-4.5187,-2.4063,1.02,828,R
Occupancy,Gray Catbird,Intercept,0.0931,0.2363,-0.2757,0.0881,0.4806,1.0068,1200,M
Occupancy,Green Heron,Intercept,-4.5947,1.2474,-6.5375,-4.6445,-2.5151,1.0291,673,M
Occupancy,Hairy Woodpecker,Intercept,1.111,0.9399,-0.0794,0.937,2.8746,1.0276,587,R
Occupancy,Herring Gull,Intercept,-5.0876,0.9811,-6.7932,-5.0607,-3.5777,1.0055,991,R
Occupancy,Hermit Thrush,Intercept,-4.8209,0.7826,-6.1581,-4.7551,-3.6401,1.009,1200,NE
Occupancy,House Finch,Intercept,-0.7796,0.7186,-1.7929,-0.8584,0.3746,1.0121,821,R
Occupancy,House Sparrow,Intercept,-1.8836,0.3194,-2.4059,-1.8695,-1.3895,1.0004,1200,R
Occupancy,Hooded Warbler,Intercept,-1.0448,0.2469,-1.4504,-1.0399,-0.6555,1.0029,1200,NE
Occupancy,House Wren,Intercept,-0.1458,0.1734,-0.4353,-0.1482,0.1303,1.0011,1200,M
Occupancy,Indigo Bunting,Intercept,-0.138,0.1976,-0.4484,-0.148,0.1981,1.0172,1200,NE
Occupancy,Killdeer,Intercept,-2.9907,0.6548,-4.0025,-3.0229,-1.9149,1.0002,1200,M
Occupancy,Louisiana Waterthrush,Intercept,-2.609,0.5221,-3.4279,-2.6183,-1.7576,0.9995,1200,NE
Occupancy,Mallard,Intercept,-2.6481,0.9681,-3.9568,-2.752,-1.0334,1.009,460,M
Occupancy,Mourning Dove,Intercept,-1.0717,0.5342,-1.8573,-1.1101,-0.1646,1.0051,1200,M
Occupancy,Northern Cardinal,Intercept,2.7059,0.4251,2.0924,2.6799,3.4311,1.0355,1200,R
Occupancy,Northern Flicker,Intercept,0.4583,0.7747,-0.5235,0.3315,1.8243,1.0015,727,M
Occupancy,Northern Parula,Intercept,-4.5172,1.277,-6.532,-4.547,-2.3118,1.0064,703,M
Occupancy,Northern Rough-winged Swallow,Intercept,-2.2786,0.6778,-3.2989,-2.3176,-1.124,1.0055,1082,M
Occupancy,Orchard Oriole,Intercept,-2.527,0.5367,-3.3849,-2.5348,-1.6391,1.0148,1200,NE
Occupancy,Ovenbird,Intercept,-3.292,0.4723,-4.1309,-3.2651,-2.5577,1.0047,1019,NE
Occupancy,Pileated Woodpecker,Intercept,1.0217,1.0262,-0.1921,0.7974,3.0108,1.0273,552,R
Occupancy,Purple Finch,Intercept,-4.6774,1.3452,-6.8338,-4.7312,-2.5551,1.0187,416,M
Occupancy,Purple Martin,Intercept,-5.97,1.5584,-8.6466,-5.8668,-3.6131,1.0148,704,NE
Occupancy,Rose-breasted Grosbeak,Intercept,-0.252,0.5313,-0.9711,-0.3235,0.6853,1.0024,1248,NE
Occupancy,Ring-billed Gull,Intercept,-2.9602,0.513,-3.8177,-2.9546,-2.1394,1.0006,1200,R
Occupancy,Red-breasted Nuthatch,Intercept,-4.5402,1.2899,-6.6667,-4.5031,-2.4482,1.0149,770,M
Occupancy,Red-bellied Woodpecker,Intercept,3.3068,0.737,2.2933,3.1937,4.692,1.0092,1044,R
Occupancy,Red-eyed Vireo,Intercept,2.948,0.4269,2.3029,2.9201,3.7037,1.0033,1091,NE
Occupancy,Red-headed Woodpecker,Intercept,-2.6928,0.9329,-4.0266,-2.8116,-0.932,1.0147,659,R
Occupancy,Rock Pigeon,Intercept,-3.6503,1.2217,-5.5095,-3.7579,-1.5443,1.0074,501,R
Occupancy,Red-shouldered Hawk,Intercept,-0.0175,1.4139,-1.8598,-0.2383,2.5896,1.0141,386,R
Occupancy,Red-tailed Hawk,Intercept,-1.0947,1.1175,-2.4014,-1.2879,0.9685,1.1004,325,R
Occupancy,Ruby-throated Hummingbird,Intercept,2.1017,1.5139,0.1697,1.8216,5.0406,1.0056,468,NE
Occupancy,Red-winged Blackbird,Intercept,-0.9339,0.2161,-1.307,-0.9229,-0.5994,1.0015,1249,M
Occupancy,Savannah Sparrow,Intercept,-5.092,1.0146,-6.8631,-5.0196,-3.5963,1.0089,985,M
Occupancy,Scarlet Tanager,Intercept,0.8144,0.3607,0.2592,0.794,1.4121,0.9994,1417,NE
Occupancy,Song Sparrow,Intercept,0.3049,0.1944,0.001,0.3026,0.632,1.0077,1200,R
Occupancy,Swamp Sparrow,Intercept,-3.6374,0.4912,-4.4666,-3.6159,-2.8687,0.9999,1051,M
Occupancy,Tree Swallow,Intercept,-3.0989,0.5713,-4.031,-3.1008,-2.2268,1.0074,1196,M
Occupancy,Tufted Titmouse,Intercept,3.3857,0.6673,2.4707,3.3039,4.6245,1.004,1177,R
Occupancy,Turkey Vulture,Intercept,-1.0222,1.0744,-2.5968,-1.0725,0.881,1.0044,611,M
Occupancy,Veery,Intercept,-2.2408,0.5544,-3.0859,-2.2728,-1.378,1.011,1200,NE
Occupancy,Virginia Rail,Intercept,-5.8825,1.5945,-8.688,-5.7558,-3.5628,1.024,694,M
Occupancy,Warbling Vireo,Intercept,-2.0728,0.3351,-2.6375,-2.0656,-1.5272,1.0017,1138,NE
Occupancy,White-breasted Nuthatch,Intercept,3.0148,0.8156,1.9707,2.8697,4.4985,0.9999,964,R
Occupancy,White-eyed Vireo,Intercept,-5.2691,0.9236,-6.9008,-5.2113,-3.8828,1.0048,1069,NE
Occupancy,Willow Flycatcher,Intercept,-3.4987,0.5266,-4.4124,-3.4671,-2.6505,0.9989,1144,NE
Occupancy,Wild Turkey,Intercept,-1.7523,1.5493,-3.6378,-2.1136,1.3565,1.024,201,R
Occupancy,Winter Wren,Intercept,-4.3198,0.952,-5.8885,-4.3039,-2.7741,1.0067,926,M
Occupancy,Wood Duck,Intercept,-3.8041,1.1623,-5.5289,-3.8889,-1.7607,1.0113,579,M
Occupancy,Wood Thrush,Intercept,0.8538,0.3225,0.3714,0.8244,1.4345,1.0029,1200,NE
Occupancy,Yellow-billed Cuckoo,Intercept,-1.791,1.2033,-3.4127,-1.9382,0.3947,1.0045,309,NE
Occupancy,Yellow Warbler,Intercept,-1.2857,0.2747,-1.7395,-1.2906,-0.8457,1.0022,1351,NE
Occupancy,Yellow-throated Vireo,Intercept,-1.6814,0.7249,-2.6381,-1.7783,-0.4967,1.0735,506,NE
Occupancy,Yellow-throated Warbler,Intercept,-3.0359,0.7513,-4.148,-3.0813,-1.7394,1.0079,932,NE
Occupancy,Acadian Flycatcher,tol_rel,-0.9695,0.2481,-1.4005,-0.9638,-0.5879,1.0177,1200,NE
Occupancy,Alder Flycatcher,tol_rel,0.6577,0.5153,-0.1615,0.6603,1.5103,1.0075,1390,NE
Occupancy,American Crow,tol_rel,0.2199,0.264,-0.193,0.2046,0.6834,0.9997,1200,R
Occupancy,American Goldfinch,tol_rel,0.1486,0.3808,-0.4349,0.1329,0.8245,1.0052,1161,M
Occupancy,American Kestrel,tol_rel,0.1963,0.534,-0.7264,0.1936,1.0538,0.9997,1338,R
Occupancy,American Redstart,tol_rel,0.3004,0.3702,-0.31,0.3034,0.9178,1.0058,1200,NE
Occupancy,American Robin,tol_rel,0.2802,0.3378,-0.2367,0.2576,0.8635,1.0004,1318,M
Occupancy,American Woodcock,tol_rel,0.2896,0.4623,-0.4829,0.3048,1.0304,1.001,1397,M
Occupancy,Barred Owl,tol_rel,0.8102,0.4623,0.0689,0.8062,1.579,1.0081,1351,R
Occupancy,Bald Eagle,tol_rel,0.3522,0.4949,-0.4622,0.3562,1.2076,1.0049,1200,R
Occupancy,Bank Swallow,tol_rel,1.0094,0.4734,0.251,1.0077,1.7611,0.9994,1200,NE
Occupancy,Baltimore Oriole,tol_rel,0.7448,0.2554,0.3304,0.7346,1.1802,1.0183,1247,NE
Occupancy,Barn Swallow,tol_rel,0.5956,0.398,-0.0014,0.5853,1.2545,0.9992,1200,NE
Occupancy,Black-capped Chickadee,tol_rel,0.0252,0.4721,-0.6974,0.0074,0.8345,1.0053,1200,R
Occupancy,Belted Kingfisher,tol_rel,0.3344,0.4058,-0.2773,0.31,1.0109,1.0099,1200,R
Occupancy,Blue-gray Gnatcatcher,tol_rel,-0.3585,0.2545,-0.786,-0.3605,0.0641,1.0156,1200,M
Occupancy,Brown-headed Cowbird,tol_rel,0.4991,0.3547,-0.0349,0.4738,1.1109,1.0103,1084,M
Occupancy,Blue-headed Vireo,tol_rel,0.1041,0.5208,-0.7432,0.1037,0.9714,0.9997,1200,NE
Occupancy,Blue Jay,tol_rel,-0.111,0.3098,-0.6005,-0.1166,0.3976,1.0049,1200,M
Occupancy,Bobolink,tol_rel,0.1855,0.5819,-0.7942,0.1973,1.1412,1.0019,984,NE
Occupancy,Brown Creeper,tol_rel,-0.0348,0.3607,-0.657,-0.0321,0.5324,1.0022,1200,M
Occupancy,Brown Thrasher,tol_rel,1.3639,0.4381,0.6837,1.344,2.1256,1.0018,1200,M
Occupancy,Black-throated Green Warbler,tol_rel,0.1703,0.5956,-0.8097,0.1983,1.1786,1.001,1200,NE
Occupancy,Broad-winged Hawk,tol_rel,-0.2096,0.5246,-1.0843,-0.2017,0.5781,1.0068,1099,NE
Occupancy,Blue-winged Warbler,tol_rel,0.7555,0.3701,0.1704,0.749,1.3867,1.0014,1200,NE
Occupancy,Canada Goose,tol_rel,0.5325,0.4116,-0.1259,0.516,1.2261,1.0093,1042,R
Occupancy,Carolina Wren,tol_rel,0.7609,0.3322,0.2783,0.7409,1.3126,1.0012,1200,R
Occupancy,Cedar Waxwing,tol_rel,0.7859,0.2855,0.3632,0.7707,1.2727,1.0087,1324,M
Occupancy,Cerulean Warbler,tol_rel,0.2091,0.5508,-0.6913,0.2309,1.0561,1.0001,1200,NE
Occupancy,Chipping Sparrow,tol_rel,0.0549,0.2547,-0.3499,0.052,0.4928,1.0023,911,M
Occupancy,Chimney Swift,tol_rel,0.1081,0.3398,-0.3984,0.096,0.6803,1.0028,1095,NE
Occupancy,Cliff Swallow,tol_rel,0.1713,0.5338,-0.679,0.1659,1.0362,1.004,1414,NE
Occupancy,Common Grackle,tol_rel,0.479,0.3283,-0.0265,0.4607,1.0347,1.0024,1082,M
Occupancy,Cooper's Hawk,tol_rel,0.5387,0.3496,-0.0465,0.5383,1.1192,1.0143,1102,M
Occupancy,Common Yellowthroat,tol_rel,0.9376,0.2273,0.5773,0.9292,1.3351,1.0013,1324,NE
Occupancy,Dark-eyed Junco,tol_rel,-0.4364,0.3503,-1.0087,-0.4336,0.1146,1.0102,1366,R
Occupancy,Downy Woodpecker,tol_rel,0.2396,0.3441,-0.3039,0.217,0.843,1.0004,1200,R
Occupancy,Eastern Bluebird,tol_rel,0.5399,0.3054,0.0803,0.5304,1.063,1.0047,1200,M
Occupancy,Eastern Kingbird,tol_rel,0.8687,0.3192,0.3812,0.858,1.4067,1.0132,1200,NE
Occupancy,Eastern Meadowlark,tol_rel,0.1051,0.4923,-0.753,0.1358,0.8474,1.0095,1363,M
Occupancy,Eastern Phoebe,tol_rel,-0.5102,0.3417,-1.0851,-0.4981,0.0082,1.0072,1200,M
Occupancy,Eastern Towhee,tol_rel,0.8076,0.2426,0.4354,0.7954,1.2351,1.0054,1200,M
Occupancy,Eastern Wood-Pewee,tol_rel,-0.8877,0.2955,-1.3761,-0.8746,-0.4196,1.0228,1200,NE
Occupancy,European Starling,tol_rel,0.7288,0.258,0.3278,0.7222,1.1547,1.0018,1177,R
Occupancy,Field Sparrow,tol_rel,0.8349,0.2949,0.3852,0.8252,1.364,1.0007,1323,M
Occupancy,Great Blue Heron,tol_rel,0.2107,0.3644,-0.3959,0.2131,0.7887,1.002,1200,M
Occupancy,Great Crested Flycatcher,tol_rel,-0.291,0.3352,-0.8335,-0.3037,0.275,1.0082,1134,NE
Occupancy,Great Horned Owl,tol_rel,0.2165,0.5173,-0.6368,0.2456,1.0781,1.0006,1200,R
Occupancy,Gray Catbird,tol_rel,0.7065,0.2384,0.3302,0.7028,1.1006,1.0109,1200,M
Occupancy,Green Heron,tol_rel,0.3387,0.5294,-0.523,0.3436,1.2457,1.0017,1320,M
Occupancy,Hairy Woodpecker,tol_rel,-0.3461,0.4129,-0.985,-0.3728,0.3479,1.0041,994,R
Occupancy,Herring Gull,tol_rel,-0.0749,0.5143,-0.9281,-0.0784,0.7576,1.0015,1200,R
Occupancy,Hermit Thrush,tol_rel,-0.0791,0.5014,-0.9365,-0.057,0.7002,1.004,1200,NE
Occupancy,House Finch,tol_rel,-0.0273,0.3549,-0.5827,-0.0412,0.5539,1.0036,1200,R
Occupancy,House Sparrow,tol_rel,-0.0122,0.233,-0.3955,-0.0073,0.3594,1.0015,1200,R
Occupancy,Hooded Warbler,tol_rel,-0.2365,0.2385,-0.629,-0.2349,0.1591,1.0006,1200,NE
Occupancy,House Wren,tol_rel,0.2379,0.1885,-0.0775,0.237,0.5538,1.0101,1200,M
Occupancy,Indigo Bunting,tol_rel,0.5735,0.2011,0.2646,0.5663,0.9156,1.0059,1200,NE
Occupancy,Killdeer,tol_rel,0.6536,0.3534,0.1142,0.6492,1.25,1.0148,1075,M
Occupancy,Louisiana Waterthrush,tol_rel,0.2178,0.3417,-0.3414,0.2213,0.8042,1.002,1200,NE
Occupancy,Mallard,tol_rel,0.1421,0.4251,-0.5624,0.1556,0.7915,1.0001,1054,M
Occupancy,Mourning Dove,tol_rel,1.057,0.3378,0.5343,1.0394,1.6529,1.0036,1200,M
Occupancy,Northern Cardinal,tol_rel,0.5304,0.3527,-0.0237,0.5126,1.1745,1.0073,1088,R
Occupancy,Northern Flicker,tol_rel,0.2254,0.3912,-0.342,0.1915,0.9256,1.0013,1200,M
Occupancy,Northern Parula,tol_rel,-0.1846,0.5211,-1.0673,-0.1943,0.6866,1.004,1200,M
Occupancy,Northern Rough-winged Swallow,tol_rel,0.5349,0.3765,-0.0397,0.5177,1.1593,1.0009,1200,M
Occupancy,Orchard Oriole,tol_rel,1.1265,0.3218,0.6241,1.105,1.6951,1.005,1200,NE
Occupancy,Ovenbird,tol_rel,0.2348,0.3436,-0.3493,0.2483,0.795,1.0053,1360,NE
Occupancy,Pileated Woodpecker,tol_rel,0.1527,0.4232,-0.4973,0.1343,0.89,1.0012,1200,R
Occupancy,Purple Finch,tol_rel,0.6904,0.5091,-0.1201,0.6887,1.4862,1.0028,1200,M
Occupancy,Purple Martin,tol_rel,0.201,0.5897,-0.8031,0.2123,1.1548,0.9994,1200,NE
Occupancy,Rose-breasted Grosbeak,tol_rel,0.4556,0.2927,0.0063,0.448,0.9525,1.0014,1200,NE
Occupancy,Ring-billed Gull,tol_rel,0.1125,0.3437,-0.4388,0.1157,0.6903,1.0087,1333,R
Occupancy,Red-breasted Nuthatch,tol_rel,0.2327,0.5495,-0.6774,0.2377,1.1285,1.0005,1200,M
Occupancy,Red-bellied Woodpecker,tol_rel,-0.3945,0.4076,-1.061,-0.4003,0.2744,1.0054,1508,R
Occupancy,Red-eyed Vireo,tol_rel,-0.8708,0.2746,-1.3412,-0.8613,-0.4375,1.0017,1045,NE
Occupancy,Red-headed Woodpecker,tol_rel,-0.321,0.4424,-1.025,-0.3195,0.3915,1.0031,1200,R
Occupancy,Rock Pigeon,tol_rel,0.0467,0.5004,-0.7607,0.0488,0.8659,1.0006,1200,R
Occupancy,Red-shouldered Hawk,tol_rel,0.11,0.5002,-0.671,0.0727,0.9697,1.0116,1200,R
Occupancy,Red-tailed Hawk,tol_rel,0.4424,0.3577,-0.1109,0.4306,1.02,1.0073,1200,R
Occupancy,Ruby-throated Hummingbird,tol_rel,0.3378,0.4955,-0.4686,0.3193,1.1943,1.0028,1200,NE
Occupancy,Red-winged Blackbird,tol_rel,0.7758,0.2091,0.4469,0.7716,1.132,1.0043,1200,M
Occupancy,Savannah Sparrow,tol_rel,0.217,0.5121,-0.6243,0.2234,1.0349,0.9999,1200,M
Occupancy,Scarlet Tanager,tol_rel,-0.6953,0.264,-1.1343,-0.7024,-0.2625,1.0024,1200,NE
Occupancy,Song Sparrow,tol_rel,0.8285,0.2177,0.487,0.8314,1.1989,1.0047,1200,R
Occupancy,Swamp Sparrow,tol_rel,0.5568,0.3381,-0.0103,0.5645,1.1237,1.0107,1200,M
Occupancy,Tree Swallow,tol_rel,0.9854,0.3131,0.4978,0.9765,1.5258,1.0151,1200,M
Occupancy,Tufted Titmouse,tol_rel,-0.3435,0.3824,-0.9709,-0.3408,0.2845,1.0029,1200,R
Occupancy,Turkey Vulture,tol_rel,0.8156,0.4682,0.119,0.7706,1.6464,1.0014,1200,M
Occupancy,Veery,tol_rel,0.2171,0.316,-0.3356,0.2299,0.7169,0.9993,1200,NE
Occupancy,Virginia Rail,tol_rel,0.2186,0.5558,-0.6939,0.2261,1.1097,1,1188,M
Occupancy,Warbling Vireo,tol_rel,0.6693,0.2389,0.2764,0.6595,1.0548,1.0019,1200,NE
Occupancy,White-breasted Nuthatch,tol_rel,-0.3197,0.3909,-0.9367,-0.3348,0.3217,1.0043,1200,R
Occupancy,White-eyed Vireo,tol_rel,0.0229,0.5103,-0.8107,0.049,0.8396,1.0126,1200,NE
Occupancy,Willow Flycatcher,tol_rel,1.3495,0.3307,0.8044,1.3439,1.9173,1.0032,1200,NE
Occupancy,Wild Turkey,tol_rel,-0.2545,0.5019,-1.0837,-0.2473,0.5703,1.0005,1074,R
Occupancy,Winter Wren,tol_rel,-0.2458,0.5249,-1.1687,-0.2245,0.545,1.009,1566,M
Occupancy,Wood Duck,tol_rel,0.5314,0.4749,-0.2231,0.5291,1.3113,1.002,1243,M
Occupancy,Wood Thrush,tol_rel,-0.2777,0.252,-0.687,-0.2645,0.1214,1.0033,1200,NE
Occupancy,Yellow-billed Cuckoo,tol_rel,0.1892,0.4517,-0.5565,0.181,0.929,1.0049,1200,NE
Occupancy,Yellow Warbler,tol_rel,1.1183,0.244,0.7521,1.1076,1.5395,1.0021,1200,NE
Occupancy,Yellow-throated Vireo,tol_rel,-0.3094,0.3655,-0.9209,-0.3033,0.293,1.0004,1200,NE
Occupancy,Yellow-throated Warbler,tol_rel,0.117,0.4114,-0.5454,0.1085,0.7727,1.0041,1200,NE
Occupancy,Acadian Flycatcher,svp,0.4608,0.2443,0.0739,0.448,0.8749,0.9999,1200,NE
Occupancy,Alder Flycatcher,svp,-0.0116,0.3173,-0.5392,-0.0087,0.5244,1.0049,1200,NE
Occupancy,American Crow,svp,-0.0604,0.2147,-0.4068,-0.0634,0.3035,1.0037,1200,R
Occupancy,American Goldfinch,svp,0.1039,0.278,-0.3508,0.1034,0.5651,1.0059,1200,M
Occupancy,American Kestrel,svp,-0.1661,0.3154,-0.7028,-0.1517,0.3242,1.0042,1321,R
Occupancy,American Redstart,svp,-0.1453,0.2848,-0.6533,-0.1369,0.2936,1.001,1200,NE
Occupancy,American Robin,svp,-0.3609,0.231,-0.7377,-0.362,0.0266,1.0003,1200,M
Occupancy,American Woodcock,svp,-0.1281,0.3208,-0.6693,-0.1154,0.3707,1.0062,1200,M
Occupancy,Barred Owl,svp,0.0258,0.3082,-0.4502,0.0247,0.5394,1.0056,1200,R
Occupancy,Bald Eagle,svp,-0.1928,0.3157,-0.7008,-0.1935,0.3079,1.0032,1200,R
Occupancy,Bank Swallow,svp,-0.0731,0.319,-0.5816,-0.0662,0.4544,1.0104,1081,NE
Occupancy,Baltimore Oriole,svp,-0.3785,0.2302,-0.747,-0.3713,-0.0029,1.0032,1251,NE
Occupancy,Barn Swallow,svp,-0.1611,0.2705,-0.6159,-0.1572,0.2647,1.0091,925,NE
Occupancy,Black-capped Chickadee,svp,0.0538,0.3119,-0.4314,0.0496,0.5578,0.9999,1200,R
Occupancy,Belted Kingfisher,svp,-0.1047,0.271,-0.5753,-0.0949,0.3229,1.0131,1200,R
Occupancy,Blue-gray Gnatcatcher,svp,0.118,0.2533,-0.264,0.102,0.554,1.0003,1200,M
Occupancy,Brown-headed Cowbird,svp,0.1316,0.2569,-0.2768,0.1176,0.5578,1.0095,1072,M
Occupancy,Blue-headed Vireo,svp,-0.0485,0.3308,-0.6095,-0.0419,0.4658,0.9997,1440,NE
Occupancy,Blue Jay,svp,-0.2114,0.2443,-0.6034,-0.2087,0.173,1.0002,1200,M
Occupancy,Bobolink,svp,-0.0627,0.3356,-0.6027,-0.0733,0.5118,1.0079,1325,NE
Occupancy,Brown Creeper,svp,0.427,0.2559,0.04,0.4058,0.8705,1.0012,987,M
Occupancy,Brown Thrasher,svp,-0.169,0.3007,-0.7,-0.1478,0.3038,1.006,1200,M
Occupancy,Black-throated Green Warbler,svp,-0.0855,0.3235,-0.6239,-0.0791,0.4348,1.0043,1200,NE
Occupancy,Broad-winged Hawk,svp,0.1303,0.3068,-0.3736,0.1418,0.6187,1.0003,1200,NE
Occupancy,Blue-winged Warbler,svp,-0.0859,0.2942,-0.5723,-0.0764,0.3821,1.0097,1200,NE
Occupancy,Canada Goose,svp,-0.12,0.2941,-0.6283,-0.1212,0.3628,1.0022,1152,R
Occupancy,Carolina Wren,svp,0.1893,0.2365,-0.1968,0.1806,0.5922,1.0208,1200,R
Occupancy,Cedar Waxwing,svp,-0.2969,0.2335,-0.6852,-0.301,0.0787,1.0145,1200,M
Occupancy,Cerulean Warbler,svp,-0.0617,0.3311,-0.5982,-0.0572,0.4941,1.0012,1200,NE
Occupancy,Chipping Sparrow,svp,0.1605,0.2332,-0.2156,0.1601,0.5413,1.0018,1200,M
Occupancy,Chimney Swift,svp,-0.2538,0.2427,-0.6448,-0.2551,0.1416,1.0125,1200,NE
Occupancy,Cliff Swallow,svp,-0.1024,0.3316,-0.6351,-0.1048,0.4338,1.0015,1200,NE
Occupancy,Common Grackle,svp,-0.0572,0.2491,-0.4726,-0.0547,0.3534,1.0081,1081,M
Occupancy,Cooper's Hawk,svp,0.0499,0.2761,-0.4068,0.0531,0.4969,1.0012,1200,M
Occupancy,Common Yellowthroat,svp,-0.0187,0.2022,-0.3517,-0.0236,0.3117,1.0175,1200,NE
Occupancy,Dark-eyed Junco,svp,0.4908,0.2587,0.0727,0.4802,0.9369,1.0085,1200,R
Occupancy,Downy Woodpecker,svp,0.0212,0.2894,-0.4437,0.0189,0.4845,1.0008,1200,R
Occupancy,Eastern Bluebird,svp,0.1922,0.2503,-0.1979,0.1826,0.5994,1.0017,1200,M
Occupancy,Eastern Kingbird,svp,-0.0335,0.2647,-0.4832,-0.0412,0.4141,1.0003,1312,NE
Occupancy,Eastern Meadowlark,svp,-0.1188,0.3059,-0.6253,-0.122,0.387,1.0019,1200,M
Occupancy,Eastern Phoebe,svp,-0.027,0.2369,-0.4189,-0.0191,0.3462,1.0238,1200,M
Occupancy,Eastern Towhee,svp,-0.2079,0.2264,-0.5926,-0.2081,0.1517,1.0002,1200,M
Occupancy,Eastern Wood-Pewee,svp,-0.1004,0.2776,-0.5436,-0.1112,0.3821,1.0003,1133,NE
Occupancy,European Starling,svp,-0.4302,0.2803,-0.9235,-0.423,0.0279,0.9996,1200,R
Occupancy,Field Sparrow,svp,-0.21,0.2587,-0.639,-0.2026,0.2257,1.0055,1200,M
Occupancy,Great Blue Heron,svp,-0.0902,0.2914,-0.5946,-0.0935,0.3696,1.0034,1200,M
Occupancy,Great Crested Flycatcher,svp,-0.007,0.2895,-0.4798,-0.0026,0.4744,1.0008,1376,NE
Occupancy,Great Horned Owl,svp,-0.0727,0.3206,-0.5724,-0.0792,0.4408,1.0044,1200,R
Occupancy,Gray Catbird,svp,-0.2728,0.1972,-0.5997,-0.2707,0.0481,1.0036,1341,M
Occupancy,Green Heron,svp,-0.0858,0.3275,-0.6473,-0.0758,0.4276,1.0014,1200,M
Occupancy,Hairy Woodpecker,svp,-0.0677,0.3097,-0.5778,-0.0638,0.4457,1.0081,1200,R
Occupancy,Herring Gull,svp,-0.1592,0.3211,-0.6748,-0.146,0.3338,1.0123,1200,R
Occupancy,Hermit Thrush,svp,0.1712,0.3016,-0.2892,0.162,0.6776,1.0036,1200,NE
Occupancy,House Finch,svp,-0.3816,0.2793,-0.8801,-0.376,0.0546,1.0043,1200,R
Occupancy,House Sparrow,svp,-0.5338,0.2693,-0.987,-0.5171,-0.1249,1.0091,1200,R
Occupancy,Hooded Warbler,svp,0.2407,0.2009,-0.0763,0.2379,0.5918,1.0026,1200,NE
Occupancy,House Wren,svp,-0.2939,0.1861,-0.5933,-0.291,0.0187,1.0148,1369,M
Occupancy,Indigo Bunting,svp,-0.2125,0.1883,-0.5421,-0.2074,0.0827,1.0118,1200,NE
Occupancy,Killdeer,svp,-0.1884,0.2858,-0.6702,-0.1816,0.283,1.0014,1246,M
Occupancy,Louisiana Waterthrush,svp,-0.0992,0.2538,-0.4903,-0.1068,0.3165,1.001,1190,NE
Occupancy,Mallard,svp,-0.2153,0.3057,-0.7171,-0.2102,0.2778,1.0144,1200,M
Occupancy,Mourning Dove,svp,-0.0236,0.2536,-0.4381,-0.0247,0.3837,1.0066,967,M
Occupancy,Northern Cardinal,svp,-0.0041,0.2512,-0.4036,-0.0116,0.4056,1.0153,844,R
Occupancy,Northern Flicker,svp,-0.0511,0.2715,-0.495,-0.0539,0.3864,1.0059,1308,M
Occupancy,Northern Parula,svp,-0.1296,0.3273,-0.6699,-0.1267,0.3953,0.9997,1200,M
Occupancy,Northern Rough-winged Swallow,svp,-0.1389,0.2872,-0.6294,-0.1441,0.3023,1.0097,1200,M
Occupancy,Orchard Oriole,svp,-0.1087,0.272,-0.5587,-0.1032,0.3339,1.001,1200,NE
Occupancy,Ovenbird,svp,-0.0589,0.2523,-0.4677,-0.058,0.3227,1.0007,1200,NE
Occupancy,Pileated Woodpecker,svp,0.0306,0.2948,-0.4429,0.028,0.5183,1.0025,1200,R
Occupancy,Purple Finch,svp,-0.0057,0.317,-0.5252,-0.0049,0.5192,1.0017,1335,M
Occupancy,Purple Martin,svp,-0.082,0.3352,-0.6129,-0.082,0.4844,1.0103,1200,NE
Occupancy,Rose-breasted Grosbeak,svp,-0.3646,0.2584,-0.7847,-0.349,0.0298,1.0161,1200,NE
Occupancy,Ring-billed Gull,svp,0.0532,0.2822,-0.3992,0.0473,0.544,1.0066,1303,R
Occupancy,Red-breasted Nuthatch,svp,-0.0709,0.3044,-0.5756,-0.0745,0.4314,1.0009,1200,M
Occupancy,Red-bellied Woodpecker,svp,-0.0253,0.3037,-0.5117,-0.0352,0.4653,1.0083,1266,R
Occupancy,Red-eyed Vireo,svp,0.1201,0.2848,-0.3222,0.1098,0.5985,0.9995,1200,NE
Occupancy,Red-headed Woodpecker,svp,-0.3076,0.298,-0.8177,-0.3028,0.1843,1.0021,1062,R
Occupancy,Rock Pigeon,svp,-0.2036,0.3258,-0.7678,-0.1773,0.3121,1.0157,1200,R
Occupancy,Red-shouldered Hawk,svp,-0.236,0.325,-0.765,-0.2321,0.2909,1.0043,1100,R
Occupancy,Red-tailed Hawk,svp,-0.2173,0.3003,-0.7277,-0.2053,0.2612,1.0075,1200,R
Occupancy,Ruby-throated Hummingbird,svp,-0.036,0.3075,-0.5294,-0.0444,0.4627,1.0124,1200,NE
Occupancy,Red-winged Blackbird,svp,-0.2212,0.2129,-0.5749,-0.2282,0.1192,1.0001,1200,M
Occupancy,Savannah Sparrow,svp,-0.1424,0.3276,-0.6895,-0.138,0.3863,1.0024,1200,M
Occupancy,Scarlet Tanager,svp,0.2203,0.2562,-0.2054,0.2157,0.6464,1.0197,1200,NE
Occupancy,Song Sparrow,svp,-0.1496,0.1791,-0.4492,-0.1439,0.1315,1.0056,1034,R
Occupancy,Swamp Sparrow,svp,-0.1336,0.2872,-0.6101,-0.1229,0.3094,1.0023,1200,M
Occupancy,Tree Swallow,svp,-0.0841,0.2797,-0.5537,-0.0812,0.363,1.0037,1200,M
Occupancy,Tufted Titmouse,svp,0.0212,0.2886,-0.4378,0.0181,0.5041,1.0057,1200,R
Occupancy,Turkey Vulture,svp,-0.2853,0.3225,-0.8556,-0.2648,0.2142,1.0016,1200,M
Occupancy,Veery,svp,0.0354,0.2422,-0.3574,0.0329,0.4417,0.999,1200,NE
Occupancy,Virginia Rail,svp,-0.0755,0.3284,-0.6459,-0.0674,0.4402,1.0105,1200,M
Occupancy,Warbling Vireo,svp,-0.2695,0.2654,-0.7241,-0.2578,0.1617,1.0112,1200,NE
Occupancy,White-breasted Nuthatch,svp,0.0012,0.3071,-0.4873,-0.0151,0.5164,1.0035,1200,R
Occupancy,White-eyed Vireo,svp,-0.1129,0.3184,-0.6439,-0.1109,0.412,1.0026,1200,NE
Occupancy,Willow Flycatcher,svp,-0.1336,0.2793,-0.6031,-0.1231,0.3037,1.003,1200,NE
Occupancy,Wild Turkey,svp,-0.0917,0.3022,-0.5794,-0.0864,0.3939,1.001,1200,R
Occupancy,Winter Wren,svp,0.239,0.315,-0.2406,0.2279,0.7695,1.0158,1200,M
Occupancy,Wood Duck,svp,-0.1571,0.3193,-0.6819,-0.1555,0.3566,1.0162,1200,M
Occupancy,Wood Thrush,svp,-0.0352,0.2494,-0.4428,-0.0476,0.3884,1.0012,1200,NE
Occupancy,Yellow-billed Cuckoo,svp,0.2299,0.2804,-0.2169,0.2312,0.6866,1.0081,1077,NE
Occupancy,Yellow Warbler,svp,-0.252,0.2355,-0.6433,-0.2445,0.1275,0.9996,1200,NE
Occupancy,Yellow-throated Vireo,svp,0.1573,0.259,-0.2597,0.1502,0.5895,1.0068,1200,NE
Occupancy,Yellow-throated Warbler,svp,-0.1205,0.2842,-0.6115,-0.1011,0.3268,1.0095,1102,NE
Occupancy,Acadian Flycatcher,dicot,0.3522,0.2093,0.0211,0.342,0.705,1.0055,1200,NE
Occupancy,Alder Flycatcher,dicot,0.1723,0.2806,-0.3021,0.1708,0.6238,1.0147,1200,NE
Occupancy,American Crow,dicot,0.1582,0.1826,-0.146,0.1533,0.4633,0.9996,1334,R
Occupancy,American Goldfinch,dicot,0.257,0.2457,-0.1544,0.2565,0.6587,1.0047,1200,M
Occupancy,American Kestrel,dicot,0.2748,0.2721,-0.1565,0.2721,0.7365,1.0036,1226,R
Occupancy,American Redstart,dicot,0.2631,0.2301,-0.1114,0.2578,0.6462,1.0171,1388,NE
Occupancy,American Robin,dicot,0.0954,0.2209,-0.2632,0.0962,0.4798,1.0083,1090,M
Occupancy,American Woodcock,dicot,0.1805,0.2717,-0.2824,0.1968,0.6061,1.01,1200,M
Occupancy,Barred Owl,dicot,0.1387,0.2627,-0.2905,0.1435,0.5622,1.0083,1095,R
Occupancy,Bald Eagle,dicot,0.2196,0.2712,-0.2236,0.2238,0.6631,1.0284,1200,R
Occupancy,Bank Swallow,dicot,0.2119,0.2606,-0.2107,0.2159,0.6331,1.0018,1394,NE
Occupancy,Baltimore Oriole,dicot,0.5204,0.1959,0.2175,0.5159,0.8487,1.0006,1200,NE
Occupancy,Barn Swallow,dicot,0.5232,0.2327,0.1725,0.5108,0.9343,1.0094,1099,NE
Occupancy,Black-capped Chickadee,dicot,0.2712,0.2664,-0.1778,0.2688,0.7036,1.0022,1200,R
Occupancy,Belted Kingfisher,dicot,0.4127,0.2457,0.0307,0.3999,0.8267,1.0047,1200,R
Occupancy,Blue-gray Gnatcatcher,dicot,0.3695,0.2223,0.0109,0.3716,0.7306,1.0027,1058,M
Occupancy,Brown-headed Cowbird,dicot,0.527,0.2524,0.1247,0.5174,0.9579,1.0032,1200,M
Occupancy,Blue-headed Vireo,dicot,0.3032,0.2617,-0.1357,0.3043,0.7254,1.0129,1200,NE
Occupancy,Blue Jay,dicot,-0.0425,0.2418,-0.4552,-0.0372,0.3322,1.002,1200,M
Occupancy,Bobolink,dicot,0.2796,0.2736,-0.1549,0.2806,0.728,1.0024,1200,NE
Occupancy,Brown Creeper,dicot,0.4228,0.2317,0.0493,0.4187,0.8229,1.0154,1200,M
Occupancy,Brown Thrasher,dicot,0.2318,0.258,-0.1931,0.2318,0.6587,1.002,1200,M
Occupancy,Black-throated Green Warbler,dicot,0.2586,0.2682,-0.1652,0.263,0.7065,1.0039,865,NE
Occupancy,Broad-winged Hawk,dicot,0.3017,0.2557,-0.1124,0.2987,0.7329,1.0109,998,NE
Occupancy,Blue-winged Warbler,dicot,0.2559,0.2444,-0.1365,0.2504,0.6577,0.9999,1200,NE
Occupancy,Canada Goose,dicot,0.3032,0.2494,-0.085,0.3049,0.7148,1.0029,1200,R
Occupancy,Carolina Wren,dicot,0.2666,0.2209,-0.0783,0.2542,0.6632,1.0022,1200,R
Occupancy,Cedar Waxwing,dicot,0.1671,0.1985,-0.1638,0.1679,0.4958,1.0155,932,M
Occupancy,Cerulean Warbler,dicot,0.277,0.2833,-0.2074,0.2858,0.7427,1.0297,1200,NE
Occupancy,Chipping Sparrow,dicot,0.2481,0.2035,-0.0993,0.2476,0.5663,1.0027,1200,M
Occupancy,Chimney Swift,dicot,0.229,0.2259,-0.1303,0.2305,0.5884,1.0055,1200,NE
Occupancy,Cliff Swallow,dicot,0.2027,0.2664,-0.2254,0.2107,0.6273,1.0137,1200,NE
Occupancy,Common Grackle,dicot,0.0305,0.2233,-0.3473,0.0355,0.3748,1.004,833,M
Occupancy,Cooper's Hawk,dicot,0.0813,0.2476,-0.3369,0.0905,0.467,1.0117,1200,M
Occupancy,Common Yellowthroat,dicot,0.4414,0.1827,0.1492,0.4405,0.7488,1.0042,1200,NE
Occupancy,Dark-eyed Junco,dicot,0.0965,0.2259,-0.2641,0.0987,0.4657,1,1374,R
Occupancy,Downy Woodpecker,dicot,0.3192,0.2574,-0.0826,0.3054,0.7445,1.0183,1200,R
Occupancy,Eastern Bluebird,dicot,0.187,0.2411,-0.1961,0.1811,0.589,1.0161,1483,M
Occupancy,Eastern Kingbird,dicot,0.4548,0.2417,0.0601,0.4467,0.8302,1.004,1200,NE
Occupancy,Eastern Meadowlark,dicot,0.4426,0.267,0.0281,0.4299,0.8897,1.0034,1533,M
Occupancy,Eastern Phoebe,dicot,0.2871,0.2225,-0.0773,0.2827,0.6673,1.0087,1024,M
Occupancy,Eastern Towhee,dicot,0.5021,0.1942,0.193,0.4945,0.8252,1.0011,1200,M
Occupancy,Eastern Wood-Pewee,dicot,0.3422,0.2351,-0.0366,0.3319,0.7284,1.012,1200,NE
Occupancy,European Starling,dicot,0.1965,0.2191,-0.1566,0.1954,0.5405,1.0049,1007,R
Occupancy,Field Sparrow,dicot,0.1812,0.211,-0.1758,0.1841,0.5278,1.0061,1129,M
Occupancy,Great Blue Heron,dicot,0.1184,0.2422,-0.2921,0.127,0.518,1.0003,1200,M
Occupancy,Great Crested Flycatcher,dicot,0.2437,0.2291,-0.1326,0.2365,0.6356,1.0173,944,NE
Occupancy,Great Horned Owl,dicot,0.3242,0.2653,-0.1049,0.3172,0.7647,1.0093,1200,R
Occupancy,Gray Catbird,dicot,0.3923,0.1722,0.1094,0.3893,0.6812,1.0041,1200,M
Occupancy,Green Heron,dicot,0.2734,0.2693,-0.1882,0.2763,0.7002,1.0226,1200,M
Occupancy,Hairy Woodpecker,dicot,0.2942,0.2544,-0.1175,0.2881,0.7327,1.0128,1200,R
Occupancy,Herring Gull,dicot,0.3053,0.2644,-0.0994,0.2881,0.7486,1.0237,1200,R
Occupancy,Hermit Thrush,dicot,0.3064,0.2589,-0.1255,0.3016,0.7475,1.02,1200,NE
Occupancy,House Finch,dicot,0.1626,0.233,-0.2414,0.168,0.5303,1.0002,1200,R
Occupancy,House Sparrow,dicot,0.1002,0.2082,-0.2618,0.1039,0.4339,1.0034,1200,R
Occupancy,Hooded Warbler,dicot,0.6762,0.2149,0.3447,0.6565,1.0554,1.0027,1200,NE
Occupancy,House Wren,dicot,0.0402,0.1722,-0.2623,0.0418,0.3118,1.0399,1200,M
Occupancy,Indigo Bunting,dicot,0.4163,0.1715,0.1449,0.4158,0.6971,1.0032,1200,NE
Occupancy,Killdeer,dicot,0.3728,0.235,0.0036,0.3763,0.7794,1.0159,1200,M
Occupancy,Louisiana Waterthrush,dicot,0.4193,0.229,0.0579,0.4072,0.8117,1.0019,1200,NE
Occupancy,Mallard,dicot,0.2351,0.2495,-0.1896,0.2368,0.6412,1.0026,1200,M
Occupancy,Mourning Dove,dicot,0.3401,0.2256,-0.0472,0.3397,0.7058,1.0031,1200,M
Occupancy,Northern Cardinal,dicot,0.244,0.222,-0.0935,0.2353,0.6038,1.0078,1372,R
Occupancy,Northern Flicker,dicot,0.2802,0.2196,-0.0774,0.2806,0.6567,1.0013,1200,M
Occupancy,Northern Parula,dicot,0.1929,0.2642,-0.2619,0.203,0.6116,1.0117,1676,M
Occupancy,Northern Rough-winged Swallow,dicot,0.3861,0.2482,-0.0078,0.3849,0.7951,1.0147,1200,M
Occupancy,Orchard Oriole,dicot,0.0873,0.2412,-0.3068,0.0897,0.4784,0.9995,1149,NE
Occupancy,Ovenbird,dicot,0.2398,0.2214,-0.1356,0.2501,0.5999,1.007,1183,NE
Occupancy,Pileated Woodpecker,dicot,0.3883,0.2485,-0.022,0.3908,0.7926,1.0019,1199,R
Occupancy,Purple Finch,dicot,0.26,0.2658,-0.1627,0.266,0.708,1.0001,1200,M
Occupancy,Purple Martin,dicot,0.2622,0.2671,-0.1908,0.2621,0.7147,1.0016,1200,NE
Occupancy,Rose-breasted Grosbeak,dicot,0.0893,0.237,-0.3168,0.0965,0.4694,1.0005,1200,NE
Occupancy,Ring-billed Gull,dicot,0.2167,0.242,-0.1855,0.2234,0.596,1.0042,1093,R
Occupancy,Red-breasted Nuthatch,dicot,0.2877,0.27,-0.1543,0.2932,0.714,1.028,1200,M
Occupancy,Red-bellied Woodpecker,dicot,0.3801,0.2647,-0.0454,0.3718,0.8346,1.0078,1200,R
Occupancy,Red-eyed Vireo,dicot,0.4286,0.2394,0.0455,0.4207,0.8458,1.0376,1200,NE
Occupancy,Red-headed Woodpecker,dicot,0.1781,0.25,-0.2441,0.1904,0.5743,1.0021,1101,R
Occupancy,Rock Pigeon,dicot,0.1774,0.267,-0.2428,0.1833,0.6014,1.0098,1085,R
Occupancy,Red-shouldered Hawk,dicot,0.2312,0.2622,-0.1982,0.2307,0.6606,1.0341,1200,R
Occupancy,Red-tailed Hawk,dicot,-0.0856,0.2792,-0.5518,-0.0811,0.3547,1.0292,845,R
Occupancy,Ruby-throated Hummingbird,dicot,0.3655,0.2829,-0.0814,0.3583,0.8402,1.0146,1200,NE
Occupancy,Red-winged Blackbird,dicot,0.0148,0.1869,-0.3149,0.0232,0.3054,0.9993,1200,M
Occupancy,Savannah Sparrow,dicot,0.27,0.2665,-0.1641,0.2699,0.7009,1.0182,1200,M
Occupancy,Scarlet Tanager,dicot,0.3609,0.228,-0.0209,0.3592,0.7377,1.013,1200,NE
Occupancy,Song Sparrow,dicot,0.2648,0.1736,-0.0311,0.2688,0.5447,1.0038,1200,R
Occupancy,Swamp Sparrow,dicot,0.1812,0.2422,-0.217,0.1824,0.5763,1.0008,1200,M
Occupancy,Tree Swallow,dicot,0.2042,0.2356,-0.1953,0.2048,0.5814,1.0008,1200,M
Occupancy,Tufted Titmouse,dicot,0.3102,0.2487,-0.0867,0.304,0.7299,1.0033,1297,R
Occupancy,Turkey Vulture,dicot,0.2222,0.2666,-0.2035,0.2293,0.6328,1.009,1200,M
Occupancy,Veery,dicot,0.3878,0.2261,0.0227,0.3852,0.7616,1.0004,1427,NE
Occupancy,Virginia Rail,dicot,0.2508,0.2714,-0.177,0.236,0.721,1.0031,1200,M
Occupancy,Warbling Vireo,dicot,0.385,0.2088,0.0554,0.3816,0.721,0.9999,1021,NE
Occupancy,White-breasted Nuthatch,dicot,0.3153,0.2631,-0.1105,0.3088,0.7432,1.0126,1200,R
Occupancy,White-eyed Vireo,dicot,0.3448,0.2588,-0.0821,0.3431,0.7619,1.0053,1702,NE
Occupancy,Willow Flycatcher,dicot,0.1552,0.2336,-0.2447,0.1656,0.5376,1.0033,1472,NE
Occupancy,Wild Turkey,dicot,0.1835,0.2781,-0.2945,0.1879,0.6408,1.0002,1200,R
Occupancy,Winter Wren,dicot,0.2749,0.2532,-0.1413,0.2778,0.6824,1.0079,1028,M
Occupancy,Wood Duck,dicot,0.2983,0.2564,-0.1158,0.2972,0.7269,0.9996,1200,M
Occupancy,Wood Thrush,dicot,0.3252,0.2165,-0.0093,0.315,0.7003,1.01,1056,NE
Occupancy,Yellow-billed Cuckoo,dicot,0.3062,0.2633,-0.1248,0.3058,0.7376,0.9999,1200,NE
Occupancy,Yellow Warbler,dicot,0.1572,0.2023,-0.1581,0.1594,0.4775,1.0056,1200,NE
Occupancy,Yellow-throated Vireo,dicot,0.2474,0.2336,-0.1433,0.237,0.6417,1.0081,1200,NE
Occupancy,Yellow-throated Warbler,dicot,0.4466,0.2385,0.0615,0.4398,0.8445,1.004,1200,NE
Occupancy,Acadian Flycatcher,cyper,0.035,0.1949,-0.2833,0.0335,0.3594,1.0012,1200,NE
Occupancy,Alder Flycatcher,cyper,0.0377,0.3076,-0.4438,0.0357,0.5526,0.9997,1200,NE
Occupancy,American Crow,cyper,0.011,0.2097,-0.3491,0.0136,0.3535,1,1200,R
Occupancy,American Goldfinch,cyper,0.0575,0.2619,-0.365,0.0498,0.5001,1.0107,1200,M
Occupancy,American Kestrel,cyper,-0.2262,0.2988,-0.7222,-0.2239,0.2616,1.0083,1200,R
Occupancy,American Redstart,cyper,-0.0631,0.2517,-0.4733,-0.0676,0.3542,1.0002,1103,NE
Occupancy,American Robin,cyper,0.1035,0.2217,-0.2557,0.1033,0.4858,1.0017,1200,M
Occupancy,American Woodcock,cyper,-0.074,0.2986,-0.5539,-0.0722,0.4248,1.0007,1200,M
Occupancy,Barred Owl,cyper,-0.2621,0.2976,-0.7899,-0.2468,0.2089,1.0008,1200,R
Occupancy,Bald Eagle,cyper,-0.2839,0.2952,-0.7515,-0.2797,0.2178,0.9993,1096,R
Occupancy,Bank Swallow,cyper,-0.2618,0.2866,-0.7467,-0.2543,0.1972,1.0039,1200,NE
Occupancy,Baltimore Oriole,cyper,-0.3747,0.2146,-0.7336,-0.3762,-0.0307,1.0025,1477,NE
Occupancy,Barn Swallow,cyper,-0.2875,0.2569,-0.7055,-0.288,0.1189,1.0018,1354,NE
Occupancy,Black-capped Chickadee,cyper,-0.0122,0.2689,-0.4517,-0.011,0.4263,1,1095,R
Occupancy,Belted Kingfisher,cyper,-0.403,0.282,-0.8519,-0.4131,0.0595,1.0046,1087,R
Occupancy,Blue-gray Gnatcatcher,cyper,-0.0003,0.2297,-0.3544,-0.0135,0.402,1.0137,956,M
Occupancy,Brown-headed Cowbird,cyper,-0.1566,0.2397,-0.5568,-0.1622,0.2376,0.9998,1417,M
Occupancy,Blue-headed Vireo,cyper,-0.0569,0.296,-0.5508,-0.0642,0.4339,1.0031,991,NE
Occupancy,Blue Jay,cyper,-0.0592,0.2386,-0.4401,-0.064,0.335,1.0057,1140,M
Occupancy,Bobolink,cyper,-0.121,0.3047,-0.6193,-0.1326,0.3909,1.0011,1200,NE
Occupancy,Brown Creeper,cyper,0.063,0.2421,-0.3186,0.0605,0.4756,1.0049,1200,M
Occupancy,Brown Thrasher,cyper,-0.139,0.2871,-0.6255,-0.133,0.3259,1.0033,1200,M
Occupancy,Black-throated Green Warbler,cyper,-0.1374,0.304,-0.6276,-0.1429,0.3555,1.0034,1200,NE
Occupancy,Broad-winged Hawk,cyper,-0.233,0.2927,-0.7206,-0.2309,0.2342,1.0174,1093,NE
Occupancy,Blue-winged Warbler,cyper,0.0673,0.2573,-0.3524,0.062,0.4842,1.0029,1200,NE
Occupancy,Canada Goose,cyper,-0.0597,0.2707,-0.5126,-0.0616,0.3678,1.002,1264,R
Occupancy,Carolina Wren,cyper,-0.2092,0.2053,-0.5455,-0.2081,0.1199,1.0031,1200,R
Occupancy,Cedar Waxwing,cyper,-0.108,0.2024,-0.4335,-0.1048,0.2163,1.003,1200,M
Occupancy,Cerulean Warbler,cyper,-0.1315,0.3028,-0.6278,-0.1291,0.3572,1.0006,1200,NE
Occupancy,Chipping Sparrow,cyper,0.0149,0.2211,-0.3389,0.0072,0.3861,1.0008,1348,M
Occupancy,Chimney Swift,cyper,-0.3055,0.2527,-0.709,-0.3041,0.1058,1.0358,1200,NE
Occupancy,Cliff Swallow,cyper,-0.2153,0.3055,-0.7199,-0.206,0.2907,1.0024,1200,NE
Occupancy,Common Grackle,cyper,-0.0569,0.2111,-0.4011,-0.0595,0.2938,1.0146,1200,M
Occupancy,Cooper's Hawk,cyper,-0.2037,0.2647,-0.6522,-0.1916,0.2349,1.0068,1311,M
Occupancy,Common Yellowthroat,cyper,0.2044,0.1872,-0.0954,0.2048,0.5083,1.0147,1074,NE
Occupancy,Dark-eyed Junco,cyper,-0.3169,0.2446,-0.7113,-0.3119,0.0739,1.0049,1200,R
Occupancy,Downy Woodpecker,cyper,-0.0012,0.2606,-0.41,-0.0098,0.4239,1.0163,1200,R
Occupancy,Eastern Bluebird,cyper,0.2424,0.2446,-0.1469,0.238,0.6645,1,1200,M
Occupancy,Eastern Kingbird,cyper,-0.1804,0.2514,-0.591,-0.1809,0.2196,1.0341,1091,NE
Occupancy,Eastern Meadowlark,cyper,-0.2348,0.2967,-0.7018,-0.2281,0.2417,1.0016,1200,M
Occupancy,Eastern Phoebe,cyper,-0.3116,0.2305,-0.6976,-0.2967,0.0372,1.0134,1200,M
Occupancy,Eastern Towhee,cyper,0.5099,0.2224,0.1694,0.4982,0.8885,1.0091,1200,M
Occupancy,Eastern Wood-Pewee,cyper,-0.1601,0.2327,-0.5604,-0.1692,0.2183,1.0039,1200,NE
Occupancy,European Starling,cyper,-0.4185,0.2522,-0.8469,-0.405,-0.0371,1.0123,1200,R
Occupancy,Field Sparrow,cyper,0.2214,0.2437,-0.1597,0.2091,0.6353,1.0139,1200,M
Occupancy,Great Blue Heron,cyper,-0.4903,0.2896,-1.0229,-0.4821,-0.025,1.0012,1200,M
Occupancy,Great Crested Flycatcher,cyper,-0.2013,0.2517,-0.614,-0.2014,0.2011,1.0075,1200,NE
Occupancy,Great Horned Owl,cyper,-0.2205,0.2947,-0.7279,-0.2151,0.249,1.0085,1200,R
Occupancy,Gray Catbird,cyper,-0.207,0.1781,-0.5007,-0.2022,0.0745,1.0042,1200,M
Occupancy,Green Heron,cyper,-0.0791,0.3054,-0.577,-0.077,0.411,1.001,1200,M
Occupancy,Hairy Woodpecker,cyper,-0.0068,0.2634,-0.4479,-0.004,0.4085,1.0031,1200,R
Occupancy,Herring Gull,cyper,-0.1981,0.2984,-0.6889,-0.1938,0.2737,1.0057,1317,R
Occupancy,Hermit Thrush,cyper,-0.0166,0.289,-0.4718,-0.0226,0.4596,1.0039,1200,NE
Occupancy,House Finch,cyper,-0.185,0.2442,-0.5826,-0.1832,0.212,1.0017,1200,R
Occupancy,House Sparrow,cyper,-0.2967,0.2152,-0.6609,-0.2852,0.0315,0.9995,1058,R
Occupancy,Hooded Warbler,cyper,-0.0228,0.1901,-0.3204,-0.0232,0.2974,1.0021,1073,NE
Occupancy,House Wren,cyper,0.2254,0.1701,-0.0491,0.2206,0.5168,1.0064,1200,M
Occupancy,Indigo Bunting,cyper,-0.322,0.1814,-0.6305,-0.3277,-0.0292,1.008,1302,NE
Occupancy,Killdeer,cyper,-0.1001,0.2446,-0.487,-0.0959,0.2992,1.0072,1200,M
Occupancy,Louisiana Waterthrush,cyper,-0.3426,0.2512,-0.7572,-0.3407,0.0626,1.0004,1200,NE
Occupancy,Mallard,cyper,-0.2033,0.2749,-0.6408,-0.2028,0.2633,1.015,1069,M
Occupancy,Mourning Dove,cyper,0.0716,0.2284,-0.2982,0.0667,0.461,1.0088,1200,M
Occupancy,Northern Cardinal,cyper,-0.1672,0.2344,-0.5445,-0.1684,0.2001,1.0028,1200,R
Occupancy,Northern Flicker,cyper,0.1893,0.2388,-0.1936,0.2001,0.5978,1.0024,1200,M
Occupancy,Northern Parula,cyper,-0.1883,0.2993,-0.6766,-0.1857,0.2898,1.0166,1200,M
Occupancy,Northern Rough-winged Swallow,cyper,-0.4123,0.2733,-0.8776,-0.4017,0.0111,1.0255,1200,M
Occupancy,Orchard Oriole,cyper,-0.1687,0.2447,-0.5721,-0.1656,0.2295,1.0006,1200,NE
Occupancy,Ovenbird,cyper,-0.2196,0.2456,-0.6127,-0.2204,0.184,1.0051,1200,NE
Occupancy,Pileated Woodpecker,cyper,-0.0938,0.2451,-0.4908,-0.1081,0.3016,1.0109,1200,R
Occupancy,Purple Finch,cyper,-0.1699,0.2882,-0.6488,-0.1642,0.2871,0.999,1200,M
Occupancy,Purple Martin,cyper,-0.121,0.3085,-0.6197,-0.1156,0.378,1.0013,1200,NE
Occupancy,Rose-breasted Grosbeak,cyper,-0.2595,0.2263,-0.6061,-0.263,0.0982,1.0044,1200,NE
Occupancy,Ring-billed Gull,cyper,-0.2926,0.271,-0.7513,-0.2888,0.1202,1.0132,1200,R
Occupancy,Red-breasted Nuthatch,cyper,-0.0489,0.3125,-0.5737,-0.0428,0.5062,1.0182,1056,M
Occupancy,Red-bellied Woodpecker,cyper,-0.1431,0.3053,-0.6304,-0.1464,0.3701,1.0013,1200,R
Occupancy,Red-eyed Vireo,cyper,-0.1597,0.2407,-0.5602,-0.1575,0.2229,1.0099,1200,NE
Occupancy,Red-headed Woodpecker,cyper,-0.1957,0.2743,-0.6693,-0.1867,0.2198,1.0011,1200,R
Occupancy,Rock Pigeon,cyper,-0.2099,0.292,-0.6989,-0.206,0.2537,1.0015,1200,R
Occupancy,Red-shouldered Hawk,cyper,-0.0945,0.2741,-0.5458,-0.1053,0.36,1.0019,1083,R
Occupancy,Red-tailed Hawk,cyper,-0.3248,0.2724,-0.7992,-0.3181,0.0922,0.9997,1095,R
Occupancy,Ruby-throated Hummingbird,cyper,-0.0497,0.2921,-0.5419,-0.046,0.4094,1.0004,1200,NE
Occupancy,Red-winged Blackbird,cyper,-0.225,0.1862,-0.5352,-0.2167,0.0711,1.0014,1200,M
Occupancy,Savannah Sparrow,cyper,-0.2375,0.3073,-0.7534,-0.2198,0.2574,1.0154,1229,M
Occupancy,Scarlet Tanager,cyper,-0.2328,0.2207,-0.5954,-0.2328,0.1064,1.0057,1200,NE
Occupancy,Song Sparrow,cyper,0.0475,0.1696,-0.2431,0.0439,0.3363,1.0135,1200,R
Occupancy,Swamp Sparrow,cyper,-0.1207,0.2606,-0.5339,-0.1283,0.3099,1.0127,1200,M
Occupancy,Tree Swallow,cyper,-0.2792,0.269,-0.719,-0.275,0.1434,1.0009,1200,M
Occupancy,Tufted Titmouse,cyper,-0.1718,0.2628,-0.6025,-0.1759,0.2595,1.0017,1200,R
Occupancy,Turkey Vulture,cyper,-0.0926,0.2759,-0.5696,-0.094,0.3425,1.0051,1093,M
Occupancy,Veery,cyper,-0.1172,0.2413,-0.5333,-0.1094,0.2796,1.0031,1304,NE
Occupancy,Virginia Rail,cyper,-0.1305,0.3002,-0.635,-0.1321,0.3534,0.9993,1200,M
Occupancy,Warbling Vireo,cyper,-0.4277,0.2259,-0.8165,-0.4138,-0.0729,1.0006,1102,NE
Occupancy,White-breasted Nuthatch,cyper,-0.0048,0.2623,-0.4498,-0.0016,0.4227,1.0005,1200,R
Occupancy,White-eyed Vireo,cyper,-0.1073,0.2979,-0.5859,-0.1157,0.3669,1.0041,1200,NE
Occupancy,Willow Flycatcher,cyper,0.0062,0.2421,-0.3759,-0.0014,0.4118,1.0041,1200,NE
Occupancy,Wild Turkey,cyper,0.0473,0.2889,-0.4113,0.0424,0.5337,1.0165,1347,R
Occupancy,Winter Wren,cyper,-0.0629,0.2832,-0.5221,-0.0669,0.4013,0.9992,1200,M
Occupancy,Wood Duck,cyper,-0.1736,0.2889,-0.6486,-0.1616,0.2837,1.0117,1200,M
Occupancy,Wood Thrush,cyper,-0.1191,0.2026,-0.4419,-0.1176,0.2105,1.0113,1200,NE
Occupancy,Yellow-billed Cuckoo,cyper,-0.2113,0.2866,-0.6779,-0.2067,0.2415,1.0119,1200,NE
Occupancy,Yellow Warbler,cyper,-0.1921,0.2072,-0.5355,-0.1941,0.1473,1.003,1200,NE
Occupancy,Yellow-throated Vireo,cyper,-0.1006,0.2419,-0.508,-0.1017,0.2855,1.003,1200,NE
Occupancy,Yellow-throated Warbler,cyper,-0.4031,0.2889,-0.8903,-0.3941,0.0532,1.0038,1200,NE
Occupancy,Acadian Flycatcher,ldi.index.score,-1.024,0.3552,-1.6607,-1.0038,-0.4874,1.0092,1079,NE
Occupancy,Alder Flycatcher,ldi.index.score,-0.3394,0.5039,-1.1799,-0.3228,0.4602,1.0007,1200,NE
Occupancy,American Crow,ldi.index.score,-0.1182,0.2579,-0.5408,-0.1324,0.3061,1.0077,1200,R
Occupancy,American Goldfinch,ldi.index.score,0.2463,0.4195,-0.3855,0.2329,0.9708,1.0071,964,M
Occupancy,American Kestrel,ldi.index.score,-0.1176,0.4876,-0.9696,-0.105,0.6372,1.0103,1200,R
Occupancy,American Redstart,ldi.index.score,0.6666,0.3573,0.1282,0.653,1.274,1.0038,1029,NE
Occupancy,American Robin,ldi.index.score,0.2304,0.3989,-0.3637,0.2095,0.8945,1.0031,1200,M
Occupancy,American Woodcock,ldi.index.score,-0.3732,0.4897,-1.2195,-0.3505,0.3825,1.0002,1200,M
Occupancy,Barred Owl,ldi.index.score,-0.4572,0.4925,-1.3307,-0.4464,0.344,1.0113,1200,R
Occupancy,Bald Eagle,ldi.index.score,-0.2337,0.4881,-1.0445,-0.2219,0.5456,1.0023,1200,R
Occupancy,Bank Swallow,ldi.index.score,-0.352,0.4895,-1.1936,-0.3238,0.4025,1.0156,1200,NE
Occupancy,Baltimore Oriole,ldi.index.score,-0.1975,0.2763,-0.6271,-0.2097,0.2921,1.003,1200,NE
Occupancy,Barn Swallow,ldi.index.score,-0.0392,0.3762,-0.642,-0.0464,0.5858,1,1080,NE
Occupancy,Black-capped Chickadee,ldi.index.score,-0.4553,0.3829,-1.0538,-0.4692,0.1553,1.0174,1343,R
Occupancy,Belted Kingfisher,ldi.index.score,0.4597,0.4336,-0.1967,0.4194,1.2216,1.0055,1200,R
Occupancy,Blue-gray Gnatcatcher,ldi.index.score,-0.0134,0.2685,-0.4244,-0.0264,0.4355,1.0017,1210,M
Occupancy,Brown-headed Cowbird,ldi.index.score,0.5644,0.3637,-0.0066,0.5421,1.1995,1.0105,1200,M
Occupancy,Blue-headed Vireo,ldi.index.score,-0.0794,0.4846,-0.8812,-0.0734,0.7215,1.0042,1200,NE
Occupancy,Blue Jay,ldi.index.score,-0.5357,0.2556,-0.9588,-0.5374,-0.1304,1.0052,2352,M
Occupancy,Bobolink,ldi.index.score,-0.1784,0.5421,-1.0474,-0.1574,0.7012,1.0033,1200,NE
Occupancy,Brown Creeper,ldi.index.score,0.15,0.3858,-0.4882,0.165,0.7488,1.0053,1200,M
Occupancy,Brown Thrasher,ldi.index.score,-0.3898,0.4624,-1.1294,-0.3998,0.4395,1.0097,1032,M
Occupancy,Black-throated Green Warbler,ldi.index.score,-0.1797,0.5366,-1.1221,-0.1506,0.6348,1.0037,1081,NE
Occupancy,Broad-winged Hawk,ldi.index.score,-0.2873,0.5035,-1.1316,-0.2418,0.4844,1.0049,1200,NE
Occupancy,Blue-winged Warbler,ldi.index.score,-0.6747,0.485,-1.5241,-0.6506,0.0708,1.0226,1200,NE
Occupancy,Canada Goose,ldi.index.score,0.5925,0.3914,-0.0048,0.5829,1.2484,0.9998,1200,R
Occupancy,Carolina Wren,ldi.index.score,-0.4785,0.3336,-1.0052,-0.488,0.0552,1.0178,1200,R
Occupancy,Cedar Waxwing,ldi.index.score,0.4431,0.2864,0.0032,0.4211,0.9183,1.0059,1200,M
Occupancy,Cerulean Warbler,ldi.index.score,-0.1642,0.527,-1.0548,-0.1539,0.6648,1.0027,1086,NE
Occupancy,Chipping Sparrow,ldi.index.score,0.2861,0.2792,-0.1362,0.2593,0.7483,1.003,1200,M
Occupancy,Chimney Swift,ldi.index.score,0.1332,0.329,-0.3786,0.1269,0.6846,1.0017,2026,NE
Occupancy,Cliff Swallow,ldi.index.score,0.5516,0.4425,-0.1655,0.536,1.3009,1.0205,1200,NE
Occupancy,Common Grackle,ldi.index.score,0.3659,0.3488,-0.1561,0.3391,0.9549,1.007,1200,M
Occupancy,Cooper's Hawk,ldi.index.score,-0.1017,0.3502,-0.6854,-0.0842,0.4469,1.0057,1355,M
Occupancy,Common Yellowthroat,ldi.index.score,-0.2533,0.2316,-0.6586,-0.2411,0.0989,1.0058,1322,NE
Occupancy,Dark-eyed Junco,ldi.index.score,-0.561,0.4072,-1.2573,-0.5383,0.065,1.0098,1200,R
Occupancy,Downy Woodpecker,ldi.index.score,-0.2974,0.3607,-0.8594,-0.2994,0.3054,0.9995,1200,R
Occupancy,Eastern Bluebird,ldi.index.score,-0.5676,0.3745,-1.1727,-0.5702,0.0602,1.0057,1200,M
Occupancy,Eastern Kingbird,ldi.index.score,-0.5053,0.3903,-1.1875,-0.4782,0.0873,1.0037,1200,NE
Occupancy,Eastern Meadowlark,ldi.index.score,-0.2563,0.4776,-1.1534,-0.2316,0.514,1.0053,1200,M
Occupancy,Eastern Phoebe,ldi.index.score,-0.1432,0.325,-0.6969,-0.1362,0.3955,1.0072,1200,M
Occupancy,Eastern Towhee,ldi.index.score,-0.4468,0.3024,-0.9484,-0.4394,0.0485,1.0101,1470,M
Occupancy,Eastern Wood-Pewee,ldi.index.score,-0.5423,0.2329,-0.9286,-0.5421,-0.1594,1.0159,1200,NE
Occupancy,European Starling,ldi.index.score,0.1985,0.2469,-0.1905,0.1839,0.6272,1.0084,1200,R
Occupancy,Field Sparrow,ldi.index.score,-0.4471,0.3507,-1.0148,-0.4379,0.1153,1.0072,1086,M
Occupancy,Great Blue Heron,ldi.index.score,-0.5587,0.4384,-1.307,-0.5368,0.1424,1.0033,1181,M
Occupancy,Great Crested Flycatcher,ldi.index.score,-0.5083,0.3568,-1.0936,-0.5055,0.0389,1.0025,1340,NE
Occupancy,Great Horned Owl,ldi.index.score,-0.0837,0.5036,-0.9022,-0.0866,0.7419,1.0129,1200,R
Occupancy,Gray Catbird,ldi.index.score,0.2595,0.2675,-0.1551,0.2478,0.7407,1.0041,1200,M
Occupancy,Green Heron,ldi.index.score,-0.0064,0.4686,-0.7562,-0.0092,0.7482,1.0006,1200,M
Occupancy,Hairy Woodpecker,ldi.index.score,-0.7305,0.4199,-1.441,-0.7231,-0.0766,1.0116,1200,R
Occupancy,Herring Gull,ldi.index.score,-0.2695,0.5003,-1.0871,-0.2311,0.509,1.0121,1200,R
Occupancy,Hermit Thrush,ldi.index.score,-0.3739,0.4976,-1.2224,-0.3526,0.3851,1.0047,1200,NE
Occupancy,House Finch,ldi.index.score,0.3245,0.3693,-0.2041,0.2919,0.9901,1.0003,1200,R
Occupancy,House Sparrow,ldi.index.score,0.5452,0.2652,0.1457,0.5248,1.0275,1.0005,1200,R
Occupancy,Hooded Warbler,ldi.index.score,-0.7673,0.3597,-1.3848,-0.7506,-0.2222,1.0008,982,NE
Occupancy,House Wren,ldi.index.score,0.0948,0.2009,-0.2269,0.0892,0.442,1.0038,1200,M
Occupancy,Indigo Bunting,ldi.index.score,-0.1814,0.2168,-0.5468,-0.1784,0.1526,1.0007,1312,NE
Occupancy,Killdeer,ldi.index.score,0.3556,0.3038,-0.1526,0.3613,0.8448,0.9999,1200,M
Occupancy,Louisiana Waterthrush,ldi.index.score,-0.3225,0.4172,-1.0457,-0.2969,0.3249,1.0105,1200,NE
Occupancy,Mallard,ldi.index.score,0.2442,0.3855,-0.3591,0.2274,0.8854,1.0027,1044,M
Occupancy,Mourning Dove,ldi.index.score,-0.0235,0.3515,-0.5651,-0.0593,0.5716,1.0038,1200,M
Occupancy,Northern Cardinal,ldi.index.score,0.214,0.3636,-0.3442,0.1974,0.8431,1.0019,1200,R
Occupancy,Northern Flicker,ldi.index.score,0.2358,0.435,-0.421,0.2055,1.0158,1.0025,1074,M
Occupancy,Northern Parula,ldi.index.score,0.4116,0.4646,-0.3431,0.4224,1.1399,1.0024,1071,M
Occupancy,Northern Rough-winged Swallow,ldi.index.score,0.1893,0.344,-0.3558,0.1785,0.7986,1.0006,1200,M
Occupancy,Orchard Oriole,ldi.index.score,0.3452,0.3049,-0.1264,0.3266,0.8739,1.0043,1200,NE
Occupancy,Ovenbird,ldi.index.score,-0.6051,0.4622,-1.427,-0.5678,0.1144,1.0063,1103,NE
Occupancy,Pileated Woodpecker,ldi.index.score,-0.4901,0.422,-1.1962,-0.4848,0.2277,1.0001,1200,R
Occupancy,Purple Finch,ldi.index.score,-0.1837,0.4901,-0.9584,-0.1803,0.6075,1.0021,1200,M
Occupancy,Purple Martin,ldi.index.score,-0.1826,0.5309,-1.0574,-0.1733,0.6745,1.0047,1200,NE
Occupancy,Rose-breasted Grosbeak,ldi.index.score,-0.6169,0.3431,-1.1836,-0.6059,-0.0774,1.007,1398,NE
Occupancy,Ring-billed Gull,ldi.index.score,0.7904,0.2974,0.3278,0.7747,1.2796,1.0022,1200,R
Occupancy,Red-breasted Nuthatch,ldi.index.score,0.0678,0.4912,-0.7372,0.07,0.8597,0.9997,1200,M
Occupancy,Red-bellied Woodpecker,ldi.index.score,-0.6658,0.3283,-1.2476,-0.6546,-0.1636,0.9993,1200,R
Occupancy,Red-eyed Vireo,ldi.index.score,-0.3854,0.2293,-0.7501,-0.3846,-0.0077,1.0143,1200,NE
Occupancy,Red-headed Woodpecker,ldi.index.score,0.1137,0.4202,-0.5577,0.1044,0.8018,1.0023,1397,R
Occupancy,Rock Pigeon,ldi.index.score,0.2272,0.4543,-0.5241,0.2311,0.9481,1.0014,1200,R
Occupancy,Red-shouldered Hawk,ldi.index.score,-0.7111,0.5108,-1.5209,-0.7042,0.1524,1.0033,838,R
Occupancy,Red-tailed Hawk,ldi.index.score,-0.6165,0.4662,-1.4051,-0.6036,0.1459,1.0008,1200,R
Occupancy,Ruby-throated Hummingbird,ldi.index.score,-0.0358,0.4434,-0.771,-0.0475,0.7053,1.0089,1200,NE
Occupancy,Red-winged Blackbird,ldi.index.score,0.1717,0.2069,-0.1569,0.1686,0.5167,0.9996,1346,M
Occupancy,Savannah Sparrow,ldi.index.score,-0.1628,0.4743,-0.957,-0.1575,0.5828,1.0002,1200,M
Occupancy,Scarlet Tanager,ldi.index.score,-0.7826,0.3176,-1.3171,-0.7653,-0.2902,0.9993,1200,NE
Occupancy,Song Sparrow,ldi.index.score,0.2879,0.2436,-0.0811,0.2782,0.7169,1.013,1200,R
Occupancy,Swamp Sparrow,ldi.index.score,-0.7199,0.4458,-1.4876,-0.6973,-0.0333,1.004,1200,M
Occupancy,Tree Swallow,ldi.index.score,0.0926,0.3098,-0.4144,0.0942,0.595,1.0072,1200,M
Occupancy,Tufted Titmouse,ldi.index.score,-0.4743,0.3187,-1.0071,-0.4726,0.0659,1.0005,1103,R
Occupancy,Turkey Vulture,ldi.index.score,0.1977,0.48,-0.5662,0.1884,0.9808,1.0032,1103,M
Occupancy,Veery,ldi.index.score,-0.9284,0.4694,-1.7437,-0.8891,-0.2293,1.0007,1200,NE
Occupancy,Virginia Rail,ldi.index.score,-0.1845,0.5255,-1.0888,-0.1714,0.6668,1.0009,1200,M
Occupancy,Warbling Vireo,ldi.index.score,0.6415,0.2944,0.184,0.6218,1.1398,1.015,1069,NE
Occupancy,White-breasted Nuthatch,ldi.index.score,-0.6083,0.3801,-1.2051,-0.6149,0.0332,1.0064,1200,R
Occupancy,White-eyed Vireo,ldi.index.score,-0.3908,0.5253,-1.2823,-0.3676,0.4234,1.0044,894,NE
Occupancy,Willow Flycatcher,ldi.index.score,-0.667,0.3698,-1.2977,-0.6557,-0.0849,1.0057,1301,NE
Occupancy,Wild Turkey,ldi.index.score,-0.1906,0.4779,-1.0087,-0.1842,0.5378,1.0012,1331,R
Occupancy,Winter Wren,ldi.index.score,-0.2693,0.509,-1.126,-0.2546,0.5373,1.0181,1200,M
Occupancy,Wood Duck,ldi.index.score,-0.5443,0.525,-1.4646,-0.5165,0.2659,1.0025,1200,M
Occupancy,Wood Thrush,ldi.index.score,-0.8541,0.2771,-1.3071,-0.8442,-0.4069,1.0019,1200,NE
Occupancy,Yellow-billed Cuckoo,ldi.index.score,-0.5145,0.49,-1.3121,-0.4862,0.254,1.0022,873,NE
Occupancy,Yellow Warbler,ldi.index.score,0.0329,0.2473,-0.3601,0.031,0.4619,1.0123,1200,NE
Occupancy,Yellow-throated Vireo,ldi.index.score,-0.2271,0.413,-0.923,-0.2183,0.3915,1.002,1200,NE
Occupancy,Yellow-throated Warbler,ldi.index.score,-0.2335,0.4403,-0.9652,-0.2052,0.4614,1.002,1200,NE
Occupancy,Acadian Flycatcher,developed,0.4351,0.2536,0.0266,0.4259,0.8753,1.0051,1200,NE
Occupancy,Alder Flycatcher,developed,-0.0122,0.4043,-0.7246,-0.016,0.6443,1.0094,1200,NE
Occupancy,American Crow,developed,-0.1728,0.2377,-0.5585,-0.1699,0.2211,1.001,1200,R
Occupancy,American Goldfinch,developed,-0.0182,0.3293,-0.5421,-0.0417,0.5389,1.008,1200,M
Occupancy,American Kestrel,developed,-0.2307,0.4183,-0.9255,-0.2052,0.3945,1.0087,1200,R
Occupancy,American Redstart,developed,0.5512,0.2771,0.0923,0.5561,1.0057,1.002,1200,NE
Occupancy,American Robin,developed,-0.383,0.2184,-0.7411,-0.3747,-0.0212,1.0041,1200,M
Occupancy,American Woodcock,developed,-0.0557,0.3687,-0.6444,-0.0563,0.5214,1.0004,1303,M
Occupancy,Barred Owl,developed,-0.116,0.3855,-0.7822,-0.0977,0.4858,1.0019,1200,R
Occupancy,Bald Eagle,developed,-0.1155,0.394,-0.7851,-0.1165,0.5258,0.9989,1314,R
Occupancy,Bank Swallow,developed,-0.101,0.391,-0.7479,-0.1071,0.5235,1.0099,1200,NE
Occupancy,Baltimore Oriole,developed,-0.5076,0.2707,-0.9631,-0.4943,-0.0873,1.0021,1200,NE
Occupancy,Barn Swallow,developed,-0.2491,0.3279,-0.8031,-0.2351,0.2641,1.0014,1200,NE
Occupancy,Black-capped Chickadee,developed,0.1143,0.3468,-0.4304,0.1028,0.7008,1.03,1405,R
Occupancy,Belted Kingfisher,developed,-0.4393,0.3603,-1.0602,-0.4166,0.1117,0.9994,1200,R
Occupancy,Blue-gray Gnatcatcher,developed,0.4933,0.2829,0.0776,0.4725,0.994,1.0072,1200,M
Occupancy,Brown-headed Cowbird,developed,-0.1524,0.271,-0.5907,-0.1544,0.2881,1.0015,1200,M
Occupancy,Blue-headed Vireo,developed,-0.1355,0.408,-0.8174,-0.1372,0.524,1.021,1200,NE
Occupancy,Blue Jay,developed,-0.1077,0.3132,-0.5872,-0.1263,0.408,1.0285,1200,M
Occupancy,Bobolink,developed,-0.0937,0.4068,-0.7586,-0.0975,0.5821,1.0031,1200,NE
Occupancy,Brown Creeper,developed,0.354,0.2812,-0.1033,0.3451,0.8417,1.0047,1200,M
Occupancy,Brown Thrasher,developed,-0.1734,0.384,-0.7997,-0.1669,0.4531,1.0064,1317,M
Occupancy,Black-throated Green Warbler,developed,-0.0817,0.4271,-0.8164,-0.0825,0.6081,1.0041,1200,NE
Occupancy,Broad-winged Hawk,developed,-0.1551,0.3826,-0.8025,-0.1622,0.4708,1.0167,1200,NE
Occupancy,Blue-winged Warbler,developed,-0.0618,0.3336,-0.6295,-0.0733,0.5007,1.0047,1200,NE
Occupancy,Canada Goose,developed,-0.1292,0.3716,-0.7388,-0.1306,0.4709,0.9994,1200,R
Occupancy,Carolina Wren,developed,-0.2732,0.2918,-0.7567,-0.2693,0.201,1.004,1200,R
Occupancy,Cedar Waxwing,developed,0.0264,0.2514,-0.3678,0.0186,0.4504,1.0135,1200,M
Occupancy,Cerulean Warbler,developed,-0.0953,0.3983,-0.7787,-0.0728,0.5483,1.0237,1199,NE
Occupancy,Chipping Sparrow,developed,-0.7628,0.3152,-1.3184,-0.7542,-0.281,1.0048,1200,M
Occupancy,Chimney Swift,developed,-0.0119,0.2717,-0.4398,-0.0217,0.4554,1.0042,1004,NE
Occupancy,Cliff Swallow,developed,-0.1604,0.4065,-0.8303,-0.1506,0.5093,1.0006,1098,NE
Occupancy,Common Grackle,developed,-0.5847,0.3098,-1.1189,-0.566,-0.1007,1.0004,1327,M
Occupancy,Cooper's Hawk,developed,-0.3558,0.3493,-0.9538,-0.3336,0.176,1.0147,1200,M
Occupancy,Common Yellowthroat,developed,0.0109,0.2313,-0.356,0.0115,0.3849,1.0007,1200,NE
Occupancy,Dark-eyed Junco,developed,0.2225,0.2926,-0.24,0.2092,0.72,0.999,1200,R
Occupancy,Downy Woodpecker,developed,-0.0121,0.3168,-0.5136,-0.0363,0.509,1.004,1200,R
Occupancy,Eastern Bluebird,developed,-0.2905,0.3177,-0.8194,-0.285,0.2395,1.0085,1200,M
Occupancy,Eastern Kingbird,developed,-0.198,0.3218,-0.7461,-0.1934,0.321,1.0114,911,NE
Occupancy,Eastern Meadowlark,developed,-0.3513,0.4076,-1.0459,-0.325,0.2712,1.017,1102,M
Occupancy,Eastern Phoebe,developed,-0.339,0.2867,-0.8327,-0.3272,0.1015,0.9996,1300,M
Occupancy,Eastern Towhee,developed,0.0487,0.228,-0.3429,0.0547,0.409,1.001,1200,M
Occupancy,Eastern Wood-Pewee,developed,-0.1077,0.323,-0.6155,-0.1264,0.4414,1.0035,1099,NE
Occupancy,European Starling,developed,-0.408,0.31,-0.9437,-0.3955,0.0784,1.0217,1200,R
Occupancy,Field Sparrow,developed,-0.2986,0.3238,-0.8427,-0.2866,0.1786,1.0051,1200,M
Occupancy,Great Blue Heron,developed,0.1077,0.3225,-0.4149,0.1047,0.6409,1.01,1200,M
Occupancy,Great Crested Flycatcher,developed,0.3449,0.403,-0.2868,0.3378,1.0291,1.008,1025,NE
Occupancy,Great Horned Owl,developed,-0.189,0.4113,-0.8593,-0.1716,0.4814,1.0015,1200,R
Occupancy,Gray Catbird,developed,-0.3806,0.223,-0.7372,-0.3786,-0.0281,1.0006,1200,M
Occupancy,Green Heron,developed,-0.1536,0.3991,-0.8561,-0.1297,0.462,1.0058,1200,M
Occupancy,Hairy Woodpecker,developed,0.2804,0.3653,-0.2859,0.2758,0.904,1.0038,818,R
Occupancy,Herring Gull,developed,-0.2117,0.4138,-0.9093,-0.2015,0.4572,1.0116,1200,R
Occupancy,Hermit Thrush,developed,0.0444,0.3516,-0.5575,0.0643,0.6044,1.0126,1200,NE
Occupancy,House Finch,developed,-0.5326,0.3441,-1.1285,-0.5126,0.0059,1.0012,1200,R
Occupancy,House Sparrow,developed,-0.4765,0.2939,-0.9783,-0.4704,-0.0073,1.0005,1200,R
Occupancy,Hooded Warbler,developed,0.0308,0.1995,-0.295,0.0316,0.3506,1.0007,1200,NE
Occupancy,House Wren,developed,-0.0258,0.1808,-0.3321,-0.0193,0.2546,1.0191,1200,M
Occupancy,Indigo Bunting,developed,0.2346,0.1985,-0.0987,0.2309,0.5756,1.0001,1031,NE
Occupancy,Killdeer,developed,-0.2827,0.3669,-0.9287,-0.2717,0.2781,1.0048,1200,M
Occupancy,Louisiana Waterthrush,developed,0.5545,0.2859,0.0957,0.544,1.0451,1.0019,1200,NE
Occupancy,Mallard,developed,-0.3417,0.3878,-0.9916,-0.3294,0.2555,1.0053,1315,M
Occupancy,Mourning Dove,developed,-0.3612,0.3123,-0.9014,-0.3491,0.1092,1.005,1200,M
Occupancy,Northern Cardinal,developed,0.0063,0.2638,-0.4209,0.0069,0.4569,0.9999,1200,R
Occupancy,Northern Flicker,developed,-0.2828,0.2992,-0.807,-0.2714,0.1885,1.0031,1200,M
Occupancy,Northern Parula,developed,-0.0877,0.3987,-0.7546,-0.0804,0.5631,1.0025,1196,M
Occupancy,Northern Rough-winged Swallow,developed,-0.3723,0.3495,-0.994,-0.3539,0.1828,1.0126,1200,M
Occupancy,Orchard Oriole,developed,-0.3457,0.3753,-0.9778,-0.3397,0.2276,1.0018,1200,NE
Occupancy,Ovenbird,developed,0.6552,0.2552,0.2517,0.6445,1.0895,1.0016,1200,NE
Occupancy,Pileated Woodpecker,developed,0.3182,0.3439,-0.2341,0.2994,0.8787,1.0181,1200,R
Occupancy,Purple Finch,developed,-0.0161,0.3961,-0.6734,-0.0167,0.6398,1.0125,1200,M
Occupancy,Purple Martin,developed,-0.0882,0.4098,-0.7532,-0.0859,0.5732,1.0014,919,NE
Occupancy,Rose-breasted Grosbeak,developed,-0.0614,0.2331,-0.4374,-0.0587,0.328,1.0056,1200,NE
Occupancy,Ring-billed Gull,developed,0.0505,0.3164,-0.4954,0.0587,0.5552,1.0136,1200,R
Occupancy,Red-breasted Nuthatch,developed,-0.19,0.4164,-0.8808,-0.1798,0.4584,1.0034,1266,M
Occupancy,Red-bellied Woodpecker,developed,0.0169,0.3437,-0.5223,0.0075,0.5757,1.0026,1322,R
Occupancy,Red-eyed Vireo,developed,0.0582,0.3202,-0.4574,0.0587,0.6127,1.0008,1200,NE
Occupancy,Red-headed Woodpecker,developed,-0.3608,0.3829,-1.0023,-0.3466,0.2363,0.9994,1319,R
Occupancy,Rock Pigeon,developed,-0.262,0.4138,-0.9573,-0.2538,0.3977,1,1200,R
Occupancy,Red-shouldered Hawk,developed,-0.0413,0.3806,-0.6548,-0.0541,0.5891,1.0025,1200,R
Occupancy,Red-tailed Hawk,developed,-0.0812,0.3423,-0.6419,-0.0875,0.4666,1.004,1200,R
Occupancy,Ruby-throated Hummingbird,developed,0.1161,0.423,-0.5345,0.1046,0.8339,1.0078,1000,NE
Occupancy,Red-winged Blackbird,developed,-0.3011,0.2347,-0.6959,-0.2971,0.0671,1.0123,1200,M
Occupancy,Savannah Sparrow,developed,-0.1958,0.3959,-0.866,-0.1868,0.4487,0.9999,1200,M
Occupancy,Scarlet Tanager,developed,0.4888,0.3476,-0.0486,0.4563,1.0882,1.0002,1200,NE
Occupancy,Song Sparrow,developed,0.054,0.1847,-0.2535,0.0545,0.3562,1.0001,1200,R
Occupancy,Swamp Sparrow,developed,-0.0754,0.3117,-0.5958,-0.0659,0.4238,1.0032,1027,M
Occupancy,Tree Swallow,developed,-0.2048,0.3452,-0.7747,-0.2014,0.3418,1.0035,1200,M
Occupancy,Tufted Titmouse,developed,0.219,0.3956,-0.3986,0.2119,0.8816,1.0014,1200,R
Occupancy,Turkey Vulture,developed,-0.3426,0.3774,-0.9599,-0.3315,0.2353,1.0091,1200,M
Occupancy,Veery,developed,0.3187,0.2658,-0.0946,0.3161,0.7537,1.0043,1200,NE
Occupancy,Virginia Rail,developed,-0.0738,0.4033,-0.7464,-0.0575,0.5843,1.0034,1340,M
Occupancy,Warbling Vireo,developed,-0.4268,0.3153,-0.9755,-0.407,0.0596,1.0012,1660,NE
Occupancy,White-breasted Nuthatch,developed,0.1895,0.3829,-0.401,0.1675,0.844,1.0006,1200,R
Occupancy,White-eyed Vireo,developed,-0.2523,0.3841,-0.8794,-0.2368,0.3612,1.0038,1200,NE
Occupancy,Willow Flycatcher,developed,0.0358,0.3227,-0.4891,0.0317,0.568,1.0029,1200,NE
Occupancy,Wild Turkey,developed,0.0211,0.3664,-0.5535,0.0255,0.6286,1.0084,1200,R
Occupancy,Winter Wren,developed,-0.1547,0.3631,-0.7705,-0.1608,0.4126,0.9996,1495,M
Occupancy,Wood Duck,developed,-0.2829,0.3978,-0.9509,-0.2552,0.3362,0.9997,1200,M
Occupancy,Wood Thrush,developed,0.1025,0.2632,-0.2881,0.0822,0.5686,1.0045,1200,NE
Occupancy,Yellow-billed Cuckoo,developed,-0.1774,0.38,-0.8128,-0.1696,0.4554,1.0054,1060,NE
Occupancy,Yellow Warbler,developed,-0.2883,0.2755,-0.7509,-0.2835,0.1451,1.0054,807,NE
Occupancy,Yellow-throated Vireo,developed,0.21,0.2867,-0.2442,0.1962,0.6662,1.0128,1200,NE
Occupancy,Yellow-throated Warbler,developed,0.2528,0.3105,-0.2558,0.2479,0.7553,1.0015,1200,NE
Occupancy,Acadian Flycatcher,developed.edge,0.1053,0.2064,-0.2265,0.1019,0.4497,1.0044,1200,NE
Occupancy,Alder Flycatcher,developed.edge,-0.157,0.3471,-0.7272,-0.1681,0.4043,1.0075,1573,NE
Occupancy,American Crow,developed.edge,0.4609,0.2486,0.086,0.4461,0.9001,1.0047,1200,R
Occupancy,American Goldfinch,developed.edge,-0.1776,0.2694,-0.5994,-0.186,0.2801,1.0132,1088,M
Occupancy,American Kestrel,developed.edge,-0.1904,0.347,-0.7587,-0.1816,0.3595,1.0025,1314,R
Occupancy,American Redstart,developed.edge,0.6111,0.2865,0.19,0.5974,1.1327,1.0121,1200,NE
Occupancy,American Robin,developed.edge,-0.6007,0.2288,-0.9642,-0.6022,-0.2306,1,1345,M
Occupancy,American Woodcock,developed.edge,-0.1746,0.3354,-0.7258,-0.1772,0.3479,0.9998,1325,M
Occupancy,Barred Owl,developed.edge,0.0041,0.3338,-0.5246,-0.0021,0.5592,1.0087,1200,R
Occupancy,Bald Eagle,developed.edge,-0.1658,0.3498,-0.7114,-0.1645,0.388,1.008,1200,R
Occupancy,Bank Swallow,developed.edge,-0.1536,0.3309,-0.7078,-0.1503,0.3835,1.0004,1200,NE
Occupancy,Baltimore Oriole,developed.edge,-0.4481,0.2297,-0.8287,-0.446,-0.0807,1.0115,1200,NE
Occupancy,Barn Swallow,developed.edge,-0.0279,0.2846,-0.4686,-0.0286,0.4532,1.0072,1200,NE
Occupancy,Black-capped Chickadee,developed.edge,-0.0494,0.2995,-0.5148,-0.0605,0.4696,1.0037,1200,R
Occupancy,Belted Kingfisher,developed.edge,-0.2537,0.3042,-0.7678,-0.2455,0.2267,1.0119,1306,R
Occupancy,Blue-gray Gnatcatcher,developed.edge,-0.28,0.2061,-0.6117,-0.2842,0.0645,1.0037,1200,M
Occupancy,Brown-headed Cowbird,developed.edge,0.0582,0.2366,-0.3095,0.0494,0.4455,1.0042,1200,M
Occupancy,Blue-headed Vireo,developed.edge,-0.2011,0.3477,-0.773,-0.1926,0.368,0.9994,1045,NE
Occupancy,Blue Jay,developed.edge,0.0882,0.2601,-0.3275,0.0763,0.5321,1.0142,1327,M
Occupancy,Bobolink,developed.edge,-0.0892,0.3612,-0.7259,-0.0873,0.4704,1.0045,1255,NE
Occupancy,Brown Creeper,developed.edge,0.0347,0.2586,-0.3883,0.0414,0.4543,1.0091,1200,M
Occupancy,Brown Thrasher,developed.edge,0.1419,0.3118,-0.3704,0.1366,0.6671,1.004,1200,M
Occupancy,Black-throated Green Warbler,developed.edge,-0.08,0.3605,-0.6683,-0.0869,0.5135,1.0098,1200,NE
Occupancy,Broad-winged Hawk,developed.edge,-0.0698,0.3395,-0.6672,-0.0677,0.493,1.0017,2041,NE
Occupancy,Blue-winged Warbler,developed.edge,0.3909,0.2932,-0.0721,0.3776,0.8968,0.9993,1200,NE
Occupancy,Canada Goose,developed.edge,-0.2514,0.3362,-0.8322,-0.2335,0.2852,1.0053,1200,R
Occupancy,Carolina Wren,developed.edge,-0.537,0.245,-0.9423,-0.5422,-0.1429,1.0148,1200,R
Occupancy,Cedar Waxwing,developed.edge,0.1273,0.2324,-0.2457,0.1251,0.5207,1.0011,1314,M
Occupancy,Cerulean Warbler,developed.edge,-0.1062,0.3572,-0.6926,-0.1041,0.4488,1.002,1200,NE
Occupancy,Chipping Sparrow,developed.edge,-0.1363,0.2352,-0.5455,-0.1292,0.2296,0.9991,1200,M
Occupancy,Chimney Swift,developed.edge,0.2948,0.2655,-0.1446,0.3025,0.7242,1.0067,1200,NE
Occupancy,Cliff Swallow,developed.edge,-0.1403,0.353,-0.7276,-0.1367,0.4353,1.0029,1200,NE
Occupancy,Common Grackle,developed.edge,-0.4589,0.2739,-0.9116,-0.4457,-0.0389,1.0178,1200,M
Occupancy,Cooper's Hawk,developed.edge,-0.2681,0.294,-0.7598,-0.2632,0.1869,0.999,1200,M
Occupancy,Common Yellowthroat,developed.edge,-0.2459,0.2017,-0.5839,-0.2458,0.0956,1.0064,1200,NE
Occupancy,Dark-eyed Junco,developed.edge,-0.1771,0.2641,-0.6327,-0.1765,0.2384,1.0023,1431,R
Occupancy,Downy Woodpecker,developed.edge,0.0589,0.2885,-0.4059,0.0389,0.5623,1.0077,1200,R
Occupancy,Eastern Bluebird,developed.edge,-0.1411,0.2689,-0.5718,-0.1397,0.3084,1.0074,1200,M
Occupancy,Eastern Kingbird,developed.edge,-0.2587,0.2869,-0.7452,-0.244,0.1879,1.0199,1200,NE
Occupancy,Eastern Meadowlark,developed.edge,-0.088,0.3372,-0.6628,-0.0871,0.4422,1.0014,1049,M
Occupancy,Eastern Phoebe,developed.edge,-0.0774,0.2477,-0.4762,-0.0839,0.3432,1.0031,1200,M
Occupancy,Eastern Towhee,developed.edge,0.132,0.2061,-0.2111,0.1348,0.4735,1.0021,1200,M
Occupancy,Eastern Wood-Pewee,developed.edge,0.0618,0.2536,-0.3297,0.0529,0.4895,1.0029,1200,NE
Occupancy,European Starling,developed.edge,-0.0252,0.2418,-0.4362,-0.0129,0.3575,1.0115,1200,R
Occupancy,Field Sparrow,developed.edge,0.047,0.246,-0.3555,0.045,0.4533,1.001,1200,M
Occupancy,Great Blue Heron,developed.edge,-0.4617,0.3119,-0.9884,-0.4471,0.0415,0.9997,1200,M
Occupancy,Great Crested Flycatcher,developed.edge,-0.3026,0.3275,-0.8078,-0.3192,0.2546,1.0051,1089,NE
Occupancy,Great Horned Owl,developed.edge,-0.0927,0.3307,-0.6401,-0.0782,0.4421,1.0056,1200,R
Occupancy,Gray Catbird,developed.edge,-0.192,0.1937,-0.5021,-0.1821,0.1375,1.001,1200,M
Occupancy,Green Heron,developed.edge,-0.1806,0.3581,-0.7789,-0.1826,0.3953,1.0005,1301,M
Occupancy,Hairy Woodpecker,developed.edge,-0.0879,0.3335,-0.6228,-0.0978,0.4833,1.0058,1088,R
Occupancy,Herring Gull,developed.edge,-0.2475,0.3432,-0.815,-0.2535,0.3183,0.9995,1098,R
Occupancy,Hermit Thrush,developed.edge,-0.0973,0.3197,-0.6344,-0.1,0.4272,1.0058,1200,NE
Occupancy,House Finch,developed.edge,-0.404,0.3041,-0.922,-0.4021,0.0868,1.012,1200,R
Occupancy,House Sparrow,developed.edge,-0.232,0.2361,-0.6195,-0.231,0.1628,0.9993,1200,R
Occupancy,Hooded Warbler,developed.edge,0.3523,0.2039,0.0276,0.351,0.6876,1.0022,1200,NE
Occupancy,House Wren,developed.edge,-0.3121,0.1746,-0.6175,-0.3079,-0.0471,1.0146,1200,M
Occupancy,Indigo Bunting,developed.edge,-0.3183,0.1805,-0.614,-0.3211,-0.0259,1.0064,1200,NE
Occupancy,Killdeer,developed.edge,-0.1921,0.2982,-0.6878,-0.1958,0.2986,1.0028,1200,M
Occupancy,Louisiana Waterthrush,developed.edge,0.3538,0.2664,-0.0722,0.3503,0.7861,1.0221,1200,NE
Occupancy,Mallard,developed.edge,-0.3593,0.3394,-0.9393,-0.3308,0.1762,1.0124,1200,M
Occupancy,Mourning Dove,developed.edge,-0.5162,0.2862,-0.9934,-0.506,-0.0629,1.0008,1200,M
Occupancy,Northern Cardinal,developed.edge,-0.1409,0.2507,-0.5545,-0.139,0.2791,1.0028,1777,R
Occupancy,Northern Flicker,developed.edge,-0.4035,0.2943,-0.9094,-0.4041,0.06,1.008,1200,M
Occupancy,Northern Parula,developed.edge,-0.1649,0.3608,-0.7495,-0.1619,0.4263,1.001,1200,M
Occupancy,Northern Rough-winged Swallow,developed.edge,-0.3293,0.302,-0.8439,-0.3154,0.1505,1.0058,1200,M
Occupancy,Orchard Oriole,developed.edge,-0.0376,0.2852,-0.4978,-0.0223,0.3963,1.0503,1200,NE
Occupancy,Ovenbird,developed.edge,0.3966,0.2587,-0.0318,0.4011,0.8216,1.0041,1200,NE
Occupancy,Pileated Woodpecker,developed.edge,0.1224,0.2846,-0.342,0.1185,0.6054,1.001,1200,R
Occupancy,Purple Finch,developed.edge,-0.192,0.3478,-0.769,-0.1963,0.3954,1.0007,1200,M
Occupancy,Purple Martin,developed.edge,-0.107,0.3549,-0.6894,-0.0972,0.458,1.0066,1200,NE
Occupancy,Rose-breasted Grosbeak,developed.edge,0.2128,0.2613,-0.2103,0.2027,0.6309,1.0141,1068,NE
Occupancy,Ring-billed Gull,developed.edge,-0.172,0.2963,-0.663,-0.1551,0.2914,1.0163,1200,R
Occupancy,Red-breasted Nuthatch,developed.edge,-0.0216,0.3588,-0.6165,-0.0129,0.5625,1.0045,1200,M
Occupancy,Red-bellied Woodpecker,developed.edge,-0.1441,0.301,-0.636,-0.1492,0.3588,1.0009,1200,R
Occupancy,Red-eyed Vireo,developed.edge,0.1888,0.2617,-0.221,0.1766,0.6467,1.0018,1200,NE
Occupancy,Red-headed Woodpecker,developed.edge,-0.2324,0.3242,-0.7723,-0.219,0.2979,1.001,1200,R
Occupancy,Rock Pigeon,developed.edge,-0.0739,0.3396,-0.609,-0.0784,0.4824,1.0019,1200,R
Occupancy,Red-shouldered Hawk,developed.edge,-0.1345,0.3292,-0.6585,-0.1476,0.406,1.0041,1200,R
Occupancy,Red-tailed Hawk,developed.edge,0.0014,0.2917,-0.4617,0.0047,0.4669,1.0014,1200,R
Occupancy,Ruby-throated Hummingbird,developed.edge,-0.0112,0.3187,-0.5287,-0.0124,0.5097,1.0176,1200,NE
Occupancy,Red-winged Blackbird,developed.edge,-0.1145,0.1934,-0.4354,-0.1113,0.1931,1.0021,1009,M
Occupancy,Savannah Sparrow,developed.edge,-0.2025,0.3466,-0.7741,-0.2085,0.3658,1.001,1137,M
Occupancy,Scarlet Tanager,developed.edge,0.0563,0.2766,-0.3734,0.0442,0.5569,1.0102,1200,NE
Occupancy,Song Sparrow,developed.edge,-0.2919,0.1841,-0.5958,-0.2919,0.0134,1.0046,1200,R
Occupancy,Swamp Sparrow,developed.edge,-0.2035,0.28,-0.6716,-0.2051,0.2504,1.0042,1079,M
Occupancy,Tree Swallow,developed.edge,-0.1728,0.306,-0.6527,-0.1674,0.3139,1.0092,898,M
Occupancy,Tufted Titmouse,developed.edge,-0.3397,0.3127,-0.8415,-0.3473,0.1876,1.0151,1103,R
Occupancy,Turkey Vulture,developed.edge,-0.0516,0.3027,-0.5669,-0.0441,0.4269,1.005,1510,M
Occupancy,Veery,developed.edge,0.1215,0.2487,-0.2685,0.1281,0.5242,1.0064,1200,NE
Occupancy,Virginia Rail,developed.edge,-0.1048,0.3587,-0.6635,-0.1071,0.5072,1.0063,1200,M
Occupancy,Warbling Vireo,developed.edge,-0.2701,0.2499,-0.6851,-0.2658,0.143,1.0053,1200,NE
Occupancy,White-breasted Nuthatch,developed.edge,-0.012,0.304,-0.5139,-0.0115,0.5116,1.0045,1200,R
Occupancy,White-eyed Vireo,developed.edge,-0.0035,0.348,-0.5581,-0.0008,0.5839,1.0101,1200,NE
Occupancy,Willow Flycatcher,developed.edge,-0.209,0.2773,-0.6843,-0.1934,0.2252,1.0006,1200,NE
Occupancy,Wild Turkey,developed.edge,-0.0997,0.3294,-0.6334,-0.1001,0.4485,1.0014,1200,R
Occupancy,Winter Wren,developed.edge,-0.0506,0.331,-0.5797,-0.0566,0.4764,1.0018,1258,M
Occupancy,Wood Duck,developed.edge,-0.0251,0.3466,-0.5845,-0.0198,0.5379,1.0017,1200,M
Occupancy,Wood Thrush,developed.edge,0.161,0.2268,-0.2099,0.1558,0.5304,1.0027,1862,NE
Occupancy,Yellow-billed Cuckoo,developed.edge,-0.0622,0.3239,-0.581,-0.0711,0.4964,1.0113,1331,NE
Occupancy,Yellow Warbler,developed.edge,-0.2702,0.2218,-0.6454,-0.2667,0.0858,1.0032,1200,NE
Occupancy,Yellow-throated Vireo,developed.edge,0.34,0.2821,-0.1024,0.3298,0.8001,1.0056,1438,NE
Occupancy,Yellow-throated Warbler,developed.edge,-0.197,0.3157,-0.7176,-0.1896,0.2863,1.0027,1200,NE
Detection,Acadian Flycatcher,Intercept,0.8657,0.1522,0.6201,0.8675,1.1094,0.9993,1200,NE
Detection,Alder Flycatcher,Intercept,-1.6718,1.0728,-3.4733,-1.6232,0.0597,1.0285,855,NE
Detection,American Crow,Intercept,-0.6466,0.2494,-1.0536,-0.655,-0.2412,1.0034,1200,R
Detection,American Goldfinch,Intercept,0.0825,0.1322,-0.1314,0.0813,0.3061,0.9996,1200,M
Detection,American Kestrel,Intercept,-1.5858,1.1148,-3.4222,-1.5395,0.1486,1.0147,806,R
Detection,American Redstart,Intercept,-0.7968,0.4772,-1.5775,-0.804,-0.0212,1.0034,1200,NE
Detection,American Robin,Intercept,1.031,0.1173,0.8388,1.0329,1.2167,1.0076,1200,M
Detection,American Woodcock,Intercept,-0.8904,0.8957,-2.4258,-0.8297,0.4482,1.0087,709,M
Detection,Barred Owl,Intercept,-2.0913,0.8849,-3.6157,-2.0222,-0.6872,1.0401,494,R
Detection,Bald Eagle,Intercept,-2.1513,1.0573,-3.9568,-2.0952,-0.5023,1.0404,353,R
Detection,Bank Swallow,Intercept,-1.7504,0.9519,-3.3446,-1.7456,-0.1553,1.0029,822,NE
Detection,Baltimore Oriole,Intercept,-0.6358,0.2162,-1.0046,-0.6368,-0.2919,1.0248,1200,NE
Detection,Barn Swallow,Intercept,-1.6467,0.5982,-2.6454,-1.6351,-0.693,0.9995,925,NE
Detection,Black-capped Chickadee,Intercept,0.0925,0.1149,-0.094,0.0918,0.287,1.0002,1200,R
Detection,Belted Kingfisher,Intercept,-2.0096,0.4813,-2.813,-2.0074,-1.2193,1.0124,971,R
Detection,Blue-gray Gnatcatcher,Intercept,-0.4093,0.1573,-0.6673,-0.4088,-0.1657,1.0012,1200,M
Detection,Brown-headed Cowbird,Intercept,-0.1385,0.1318,-0.3602,-0.1385,0.0768,1.0036,1200,M
Detection,Blue-headed Vireo,Intercept,-1.604,1.0279,-3.2918,-1.583,0.046,1.0014,1102,NE
Detection,Blue Jay,Intercept,0.51,0.1183,0.32,0.5081,0.7089,1.0009,996,M
Detection,Bobolink,Intercept,-1.409,1.2578,-3.5008,-1.3912,0.6422,1.0178,1099,NE
Detection,Brown Creeper,Intercept,-1.1171,0.443,-1.8842,-1.1093,-0.4241,1.0025,1200,M
Detection,Brown Thrasher,Intercept,-1.8472,0.72,-3.0555,-1.8167,-0.6919,1.0203,875,M
Detection,Black-throated Green Warbler,Intercept,-1.3586,1.2612,-3.4073,-1.361,0.667,1.0095,1200,NE
Detection,Broad-winged Hawk,Intercept,-1.838,0.9794,-3.5195,-1.7975,-0.3135,1.0135,798,NE
Detection,Blue-winged Warbler,Intercept,-1.0453,0.6066,-2.0904,-1.0253,-0.1041,1.0124,1200,NE
Detection,Canada Goose,Intercept,-2.3276,0.5942,-3.3078,-2.3159,-1.3544,1.0044,633,R
Detection,Carolina Wren,Intercept,-1.0185,0.2365,-1.3997,-1.0171,-0.6027,0.9993,1200,R
Detection,Cedar Waxwing,Intercept,-0.76,0.2173,-1.1205,-0.7596,-0.4054,1.0102,1200,M
Detection,Cerulean Warbler,Intercept,-1.4387,1.2611,-3.412,-1.4404,0.6445,1.0202,981,NE
Detection,Chipping Sparrow,Intercept,-0.89,0.3145,-1.4096,-0.8749,-0.3819,1.0048,918,M
Detection,Chimney Swift,Intercept,-0.9426,0.2212,-1.2936,-0.9368,-0.5855,1.004,1039,NE
Detection,Cliff Swallow,Intercept,-1.7449,1.036,-3.4835,-1.7273,-0.1122,1.0144,974,NE
Detection,Common Grackle,Intercept,-1.142,0.2277,-1.5171,-1.136,-0.7745,1.0016,1200,M
Detection,Cooper's Hawk,Intercept,-1.2113,0.6338,-2.2894,-1.2071,-0.2057,1.0053,989,M
Detection,Common Yellowthroat,Intercept,0.0547,0.216,-0.3052,0.059,0.3984,1.0038,1200,NE
Detection,Dark-eyed Junco,Intercept,-1.0233,0.4211,-1.7284,-1.0197,-0.3453,0.9997,844,R
Detection,Downy Woodpecker,Intercept,-0.0726,0.1285,-0.2747,-0.0791,0.1427,1.0095,1036,R
Detection,Eastern Bluebird,Intercept,-1.5954,0.4033,-2.283,-1.573,-0.9739,1.0015,982,M
Detection,Eastern Kingbird,Intercept,-0.3945,0.5186,-1.3133,-0.3709,0.4154,1.0045,1200,NE
Detection,Eastern Meadowlark,Intercept,-0.8117,0.9176,-2.4244,-0.771,0.6587,1.0019,1067,M
Detection,Eastern Phoebe,Intercept,-1.2094,0.4697,-2.0044,-1.2026,-0.4582,1.0047,1034,M
Detection,Eastern Towhee,Intercept,-0.493,0.2638,-0.9186,-0.4995,-0.0661,0.9998,1200,M
Detection,Eastern Wood-Pewee,Intercept,1.0357,0.1226,0.8315,1.0355,1.2398,1.002,1200,NE
Detection,European Starling,Intercept,-0.5257,0.3502,-1.1049,-0.5235,0.0427,0.999,1200,R
Detection,Field Sparrow,Intercept,0.7231,0.405,0.072,0.7043,1.4108,0.9997,1106,M
Detection,Great Blue Heron,Intercept,-1.7622,0.6596,-2.8978,-1.7374,-0.7022,1.0015,905,M
Detection,Great Crested Flycatcher,Intercept,-1.0438,0.1851,-1.346,-1.0423,-0.7386,1.0298,1228,NE
Detection,Great Horned Owl,Intercept,-1.7431,1.0573,-3.5652,-1.6939,-0.0065,1.0089,786,R
Detection,Gray Catbird,Intercept,0.1306,0.1626,-0.1317,0.1333,0.4005,1.0143,1200,M
Detection,Green Heron,Intercept,-1.5833,1.14,-3.4391,-1.5279,0.2853,1.0258,864,M
Detection,Hairy Woodpecker,Intercept,-1.782,0.2696,-2.2101,-1.7817,-1.3281,1.0162,886,R
Detection,Herring Gull,Intercept,-0.5173,0.9823,-2.1427,-0.5044,0.9984,1.0045,1200,R
Detection,Hermit Thrush,Intercept,0.5198,0.8398,-0.8467,0.5426,1.8766,1.0047,1074,NE
Detection,House Finch,Intercept,-1.7238,0.4138,-2.4045,-1.7338,-1.0363,0.9999,972,R
Detection,House Sparrow,Intercept,-0.256,0.2937,-0.7445,-0.2551,0.2375,1.0017,1200,R
Detection,Hooded Warbler,Intercept,0.178,0.1975,-0.1573,0.1815,0.4885,1.0063,1200,NE
Detection,House Wren,Intercept,0.4592,0.1688,0.1867,0.4629,0.7315,1.0096,1306,M
Detection,Indigo Bunting,Intercept,0.1154,0.1717,-0.1767,0.1144,0.3968,1.0047,1091,NE
Detection,Killdeer,Intercept,-1.0571,0.6181,-2.1168,-1.0324,-0.1067,1.0143,1200,M
Detection,Louisiana Waterthrush,Intercept,-0.8727,0.4934,-1.7188,-0.8532,-0.1023,0.9996,1200,NE
Detection,Mallard,Intercept,-1.7074,0.7711,-3.0146,-1.6472,-0.4765,1.0002,640,M
Detection,Mourning Dove,Intercept,-1.4557,0.3602,-2.0477,-1.4594,-0.853,1.0041,1200,M
Detection,Northern Cardinal,Intercept,0.8417,0.1171,0.6508,0.8424,1.0291,1.0021,1200,R
Detection,Northern Flicker,Intercept,-1.5597,0.304,-2.0448,-1.5604,-1.0543,0.9992,1003,M
Detection,Northern Parula,Intercept,-1.6294,1.1134,-3.448,-1.6065,0.1218,1.0121,818,M
Detection,Northern Rough-winged Swallow,Intercept,-1.5663,0.5714,-2.5289,-1.5686,-0.6345,1.001,1003,M
Detection,Orchard Oriole,Intercept,-1.0501,0.4262,-1.7552,-1.0574,-0.3538,1.0025,1200,NE
Detection,Ovenbird,Intercept,-0.1117,0.4332,-0.8381,-0.0989,0.5935,1.0032,1200,NE
Detection,Pileated Woodpecker,Intercept,-1.7376,0.2894,-2.2119,-1.7396,-1.2634,1.0149,787,R
Detection,Purple Finch,Intercept,-1.6577,1.1064,-3.5701,-1.6304,0.034,1.0185,512,M
Detection,Purple Martin,Intercept,-1.3596,1.3006,-3.5653,-1.3332,0.7895,1.0052,879,NE
Detection,Rose-breasted Grosbeak,Intercept,-1.2231,0.314,-1.7533,-1.2217,-0.7138,1.0036,1278,NE
Detection,Ring-billed Gull,Intercept,-0.8008,0.4911,-1.6131,-0.8064,-0.0188,0.9996,1303,R
Detection,Red-breasted Nuthatch,Intercept,-1.6551,1.1149,-3.5535,-1.6492,0.1663,1.0167,749,M
Detection,Red-bellied Woodpecker,Intercept,0.3488,0.1103,0.1678,0.3549,0.5312,1.0096,1200,R
Detection,Red-eyed Vireo,Intercept,0.9782,0.1142,0.7933,0.9749,1.1622,1.0038,1087,NE
Detection,Red-headed Woodpecker,Intercept,-1.8095,0.8147,-3.1647,-1.7806,-0.5457,1.0182,848,R
Detection,Rock Pigeon,Intercept,-1.8819,1.0596,-3.7577,-1.8437,-0.2126,1.0034,628,R
Detection,Red-shouldered Hawk,Intercept,-2.6752,0.604,-3.5204,-2.7434,-1.5673,1.0089,569,R
Detection,Red-tailed Hawk,Intercept,-2.212,0.628,-3.2943,-2.2005,-1.2285,1.0589,570,R
Detection,Ruby-throated Hummingbird,Intercept,-2.4737,0.2786,-2.8898,-2.4874,-1.9966,1.0049,848,NE
Detection,Red-winged Blackbird,Intercept,0.6021,0.1916,0.3014,0.6038,0.9183,1.003,1200,M
Detection,Savannah Sparrow,Intercept,-0.5376,0.9846,-2.1827,-0.524,1.035,0.9999,1200,M
Detection,Scarlet Tanager,Intercept,-0.5574,0.1522,-0.8217,-0.558,-0.3147,0.9996,1423,NE
Detection,Song Sparrow,Intercept,0.8657,0.1575,0.6092,0.8601,1.1317,1.0018,1200,R
Detection,Swamp Sparrow,Intercept,0.3654,0.5686,-0.5937,0.376,1.2799,1.0034,1200,M
Detection,Tree Swallow,Intercept,-0.8089,0.5554,-1.7224,-0.7871,0.0674,1.0067,1454,M
Detection,Tufted Titmouse,Intercept,0.6526,0.1108,0.467,0.6535,0.8396,1.0075,1200,R
Detection,Turkey Vulture,Intercept,-2.517,0.6106,-3.4727,-2.5354,-1.4751,1.0105,706,M
Detection,Veery,Intercept,-1.1722,0.4647,-1.9377,-1.1633,-0.4316,1.0071,1093,NE
Detection,Virginia Rail,Intercept,-1.3873,1.3067,-3.5374,-1.3886,0.6959,1.0177,1020,M
Detection,Warbling Vireo,Intercept,-0.0998,0.2844,-0.5749,-0.0982,0.3671,1.0003,1200,NE
Detection,White-breasted Nuthatch,Intercept,-0.3065,0.1201,-0.5034,-0.3086,-0.0999,1.0038,1200,R
Detection,White-eyed Vireo,Intercept,0.2375,0.9829,-1.3732,0.257,1.825,1.0019,1200,NE
Detection,Willow Flycatcher,Intercept,-0.181,0.4412,-0.9161,-0.1793,0.545,1.009,1200,NE
Detection,Wild Turkey,Intercept,-2.4412,0.9951,-4.1361,-2.3995,-0.9317,1.0126,316,R
Detection,Winter Wren,Intercept,-0.9422,0.9647,-2.5905,-0.8747,0.5296,1.0113,834,M
Detection,Wood Duck,Intercept,-1.8677,0.9955,-3.6627,-1.835,-0.3399,1.0222,686,M
Detection,Wood Thrush,Intercept,-0.2262,0.1494,-0.4599,-0.2327,0.0279,1.0018,1200,NE
Detection,Yellow-billed Cuckoo,Intercept,-2.4351,0.8365,-3.8415,-2.4085,-1.0516,1.0021,466,NE
Detection,Yellow Warbler,Intercept,-0.0438,0.228,-0.4148,-0.055,0.3505,1.0021,1431,NE
Detection,Yellow-throated Vireo,Intercept,-1.5045,0.5467,-2.4156,-1.4822,-0.6162,1.0445,913,NE
Detection,Yellow-throated Warbler,Intercept,-1.4382,0.7429,-2.6585,-1.397,-0.2515,1.0015,1007,NE
Detection,Acadian Flycatcher,dayyear,-0.2958,0.1251,-0.5026,-0.2935,-0.0916,1.0185,1200,NE
Detection,Alder Flycatcher,dayyear,0.0324,0.2635,-0.4035,0.0327,0.449,1.003,1200,NE
Detection,American Crow,dayyear,0.0215,0.1288,-0.1936,0.0215,0.2255,1.0012,1200,R
Detection,American Goldfinch,dayyear,0.3302,0.0934,0.1759,0.3294,0.4844,1.0044,1200,M
Detection,American Kestrel,dayyear,-0.0296,0.2568,-0.4747,-0.0345,0.4032,1.0059,1200,R
Detection,American Redstart,dayyear,-0.088,0.2109,-0.4501,-0.0831,0.2437,1.0027,1200,NE
Detection,American Robin,dayyear,0.3066,0.1061,0.1353,0.3062,0.4825,1.0055,1505,M
Detection,American Woodcock,dayyear,-0.0703,0.2431,-0.4613,-0.0717,0.3174,0.9992,1200,M
Detection,Barred Owl,dayyear,0.109,0.2279,-0.2469,0.1067,0.4963,1.0103,1200,R
Detection,Bald Eagle,dayyear,0.0487,0.2405,-0.3488,0.0581,0.4516,1.0123,1200,R
Detection,Bank Swallow,dayyear,0.0456,0.244,-0.3613,0.0418,0.4508,1.0164,1200,NE
Detection,Baltimore Oriole,dayyear,-0.49,0.1435,-0.7323,-0.484,-0.2629,1.0014,1200,NE
Detection,Barn Swallow,dayyear,-0.1136,0.2017,-0.454,-0.1123,0.2176,1.0023,1200,NE
Detection,Black-capped Chickadee,dayyear,0.3005,0.0949,0.148,0.2998,0.4594,1.0003,1037,R
Detection,Belted Kingfisher,dayyear,0.2759,0.1857,-0.0176,0.2673,0.588,1.0011,1200,R
Detection,Blue-gray Gnatcatcher,dayyear,-0.0459,0.105,-0.2227,-0.0473,0.1237,1.012,1200,M
Detection,Brown-headed Cowbird,dayyear,0.1213,0.0939,-0.0354,0.122,0.279,1.0128,953,M
Detection,Blue-headed Vireo,dayyear,-0.0337,0.2452,-0.4461,-0.0238,0.3822,1.0085,1060,NE
Detection,Blue Jay,dayyear,-0.0463,0.0936,-0.1982,-0.0446,0.0988,1.0077,1200,M
Detection,Bobolink,dayyear,0.0377,0.251,-0.3544,0.0318,0.4525,1.0023,1200,NE
Detection,Brown Creeper,dayyear,0.3346,0.2001,0.0027,0.3299,0.6567,1.0013,1352,M
Detection,Brown Thrasher,dayyear,-0.0964,0.2283,-0.4615,-0.0997,0.2821,1.005,1200,M
Detection,Black-throated Green Warbler,dayyear,0.0441,0.2526,-0.3592,0.0404,0.4259,1.0036,1200,NE
Detection,Broad-winged Hawk,dayyear,-0.0899,0.2512,-0.4931,-0.0877,0.332,1.0125,1200,NE
Detection,Blue-winged Warbler,dayyear,-0.0047,0.2095,-0.3544,0.0026,0.3438,1.0039,1083,NE
Detection,Canada Goose,dayyear,-0.2263,0.206,-0.5692,-0.2177,0.1001,1.0023,1200,R
Detection,Carolina Wren,dayyear,0.1006,0.1259,-0.0994,0.0987,0.3188,1.0011,1417,R
Detection,Cedar Waxwing,dayyear,0.0171,0.131,-0.2082,0.0192,0.2266,1.0126,1200,M
Detection,Cerulean Warbler,dayyear,0.0586,0.253,-0.3542,0.0551,0.4899,1.0051,1074,NE
Detection,Chipping Sparrow,dayyear,0.0235,0.1516,-0.2298,0.0232,0.2651,0.9991,1200,M
Detection,Chimney Swift,dayyear,-0.043,0.1139,-0.2298,-0.0379,0.1351,0.9994,1200,NE
Detection,Cliff Swallow,dayyear,-0.0271,0.256,-0.4484,-0.0187,0.38,1.0001,1200,NE
Detection,Common Grackle,dayyear,0.2997,0.1316,0.0883,0.2965,0.5134,1.0028,1200,M
Detection,Cooper's Hawk,dayyear,-0.0408,0.2058,-0.375,-0.0415,0.3012,1.0006,1200,M
Detection,Common Yellowthroat,dayyear,0.1115,0.1472,-0.1327,0.1115,0.3596,1.0029,1078,NE
Detection,Dark-eyed Junco,dayyear,0.2254,0.1776,-0.0582,0.2224,0.5245,0.9999,1500,R
Detection,Downy Woodpecker,dayyear,0.4678,0.0982,0.3088,0.4662,0.6336,0.9997,1200,R
Detection,Eastern Bluebird,dayyear,0.3273,0.1614,0.0652,0.322,0.5925,1.0002,1200,M
Detection,Eastern Kingbird,dayyear,0.1083,0.2199,-0.255,0.1081,0.4595,1.0127,1200,NE
Detection,Eastern Meadowlark,dayyear,0.1119,0.2412,-0.3058,0.1163,0.4872,1.0027,1200,M
Detection,Eastern Phoebe,dayyear,-0.1341,0.1644,-0.4033,-0.1321,0.1337,1.0012,1200,M
Detection,Eastern Towhee,dayyear,0.1168,0.1536,-0.1393,0.1147,0.3741,1.0085,1200,M
Detection,Eastern Wood-Pewee,dayyear,-0.0171,0.1023,-0.1848,-0.0191,0.145,1.0024,1200,NE
Detection,European Starling,dayyear,-0.2826,0.1779,-0.5836,-0.2814,0.0021,1.0162,1200,R
Detection,Field Sparrow,dayyear,-0.0618,0.2138,-0.4095,-0.0595,0.2965,0.9999,1461,M
Detection,Great Blue Heron,dayyear,0.2,0.1972,-0.1306,0.1979,0.5249,0.9996,1200,M
Detection,Great Crested Flycatcher,dayyear,-0.0314,0.1063,-0.2085,-0.0281,0.1409,1.0004,1200,NE
Detection,Great Horned Owl,dayyear,0.1343,0.2605,-0.2803,0.1272,0.5666,1.0252,1200,R
Detection,Gray Catbird,dayyear,0.1727,0.1151,-0.0086,0.1704,0.3619,1.0031,1200,M
Detection,Green Heron,dayyear,-0.0317,0.2459,-0.4477,-0.025,0.373,1.0119,1200,M
Detection,Hairy Woodpecker,dayyear,0.2199,0.1323,0.0017,0.2185,0.4355,1.0009,1200,R
Detection,Herring Gull,dayyear,-0.0065,0.2626,-0.4503,-0.0044,0.4166,1.0027,1775,R
Detection,Hermit Thrush,dayyear,-0.0437,0.2489,-0.4665,-0.0341,0.3595,1,1200,NE
Detection,House Finch,dayyear,0.0188,0.1606,-0.2439,0.0211,0.2856,1.0076,1200,R
Detection,House Sparrow,dayyear,-0.0853,0.1622,-0.3432,-0.0857,0.1695,1.0053,1200,R
Detection,Hooded Warbler,dayyear,0.0971,0.1447,-0.1362,0.0935,0.3333,1.0219,1200,NE
Detection,House Wren,dayyear,-0.0127,0.1184,-0.2137,-0.0134,0.1777,1.006,1104,M
Detection,Indigo Bunting,dayyear,-0.2519,0.1206,-0.4546,-0.2516,-0.0638,1.0098,1200,NE
Detection,Killdeer,dayyear,0.0667,0.2089,-0.2917,0.0695,0.4123,1.0025,1200,M
Detection,Louisiana Waterthrush,dayyear,0.0952,0.1978,-0.2298,0.0896,0.4175,1.0106,1200,NE
Detection,Mallard,dayyear,0.1167,0.2183,-0.242,0.1177,0.4777,1.0103,1113,M
Detection,Mourning Dove,dayyear,0.1125,0.1583,-0.1473,0.1148,0.3723,1.0034,1200,M
Detection,Northern Cardinal,dayyear,0.213,0.0991,0.0556,0.2142,0.3709,0.9997,1200,R
Detection,Northern Flicker,dayyear,0.2696,0.1363,0.046,0.267,0.4927,1.0005,1200,M
Detection,Northern Parula,dayyear,0.038,0.2421,-0.3429,0.0479,0.426,1.0033,1017,M
Detection,Northern Rough-winged Swallow,dayyear,0.2027,0.2055,-0.1246,0.1986,0.545,1.0119,1200,M
Detection,Orchard Oriole,dayyear,-0.2155,0.1938,-0.5502,-0.208,0.0937,1.0112,1200,NE
Detection,Ovenbird,dayyear,0.0784,0.2076,-0.2694,0.0811,0.4267,0.9999,1200,NE
Detection,Pileated Woodpecker,dayyear,0.0704,0.1342,-0.1588,0.0735,0.2867,1.0021,1200,R
Detection,Purple Finch,dayyear,0.0571,0.2425,-0.3174,0.0462,0.4651,1.004,1200,M
Detection,Purple Martin,dayyear,0.0411,0.2496,-0.3673,0.0347,0.4428,1.0129,1200,NE
Detection,Rose-breasted Grosbeak,dayyear,-0.0081,0.1425,-0.2435,-0.0109,0.2328,1.0164,1215,NE
Detection,Ring-billed Gull,dayyear,-0.0542,0.2161,-0.4036,-0.0483,0.2985,1.0137,1200,R
Detection,Red-breasted Nuthatch,dayyear,0.0626,0.2537,-0.3517,0.0673,0.4757,1.0155,1200,M
Detection,Red-bellied Woodpecker,dayyear,-0.126,0.0892,-0.2729,-0.1227,0.023,1.0142,1200,R
Detection,Red-eyed Vireo,dayyear,-0.1494,0.0987,-0.3087,-0.1491,0.0106,0.9992,1200,NE
Detection,Red-headed Woodpecker,dayyear,0.2337,0.2176,-0.1084,0.2334,0.5775,1.0043,1200,R
Detection,Rock Pigeon,dayyear,-0.0699,0.2348,-0.4499,-0.0672,0.3134,1.0054,1200,R
Detection,Red-shouldered Hawk,dayyear,0.2575,0.1906,-0.0435,0.2505,0.5773,1.0039,1200,R
Detection,Red-tailed Hawk,dayyear,0.1401,0.1974,-0.1644,0.1379,0.466,1.0018,1086,R
Detection,Ruby-throated Hummingbird,dayyear,0.2643,0.1547,0.0092,0.259,0.5114,1.001,1145,NE
Detection,Red-winged Blackbird,dayyear,-0.0494,0.1353,-0.2658,-0.0468,0.1729,1.0064,1200,M
Detection,Savannah Sparrow,dayyear,-0.042,0.2586,-0.4612,-0.0394,0.3888,1.0039,1200,M
Detection,Scarlet Tanager,dayyear,0.2889,0.113,0.1061,0.2858,0.4741,1.0082,1200,NE
Detection,Song Sparrow,dayyear,0.1084,0.1225,-0.0984,0.1118,0.3065,1.0084,1641,R
Detection,Swamp Sparrow,dayyear,0.0891,0.2367,-0.2922,0.0859,0.4868,1.0007,1200,M
Detection,Tree Swallow,dayyear,-0.1868,0.2089,-0.5358,-0.1902,0.1546,1.0024,1200,M
Detection,Tufted Titmouse,dayyear,-0.0833,0.0931,-0.2433,-0.0825,0.064,1.0031,1200,R
Detection,Turkey Vulture,dayyear,-0.03,0.2041,-0.3696,-0.0193,0.2904,1.0034,1200,M
Detection,Veery,dayyear,0.0176,0.1935,-0.3048,0.0212,0.322,1.0152,1200,NE
Detection,Virginia Rail,dayyear,0.0481,0.268,-0.3937,0.0388,0.4893,1.0231,1200,M
Detection,Warbling Vireo,dayyear,0.2532,0.1672,-0.0042,0.2492,0.5278,1.0045,1200,NE
Detection,White-breasted Nuthatch,dayyear,0.5217,0.099,0.3658,0.5157,0.686,1.0039,1200,R
Detection,White-eyed Vireo,dayyear,0.0475,0.2539,-0.3548,0.0389,0.4801,1.0109,1200,NE
Detection,Willow Flycatcher,dayyear,-0.1904,0.2188,-0.5514,-0.1926,0.1701,0.9992,1310,NE
Detection,Wild Turkey,dayyear,-0.0155,0.2215,-0.3735,-0.0134,0.3261,1.0076,1200,R
Detection,Winter Wren,dayyear,-0.029,0.2472,-0.4472,-0.0215,0.3672,1.0118,1200,M
Detection,Wood Duck,dayyear,0.03,0.2443,-0.3838,0.0345,0.4373,1.0021,1200,M
Detection,Wood Thrush,dayyear,0.1295,0.1047,-0.0456,0.1329,0.2999,1.0072,1305,NE
Detection,Yellow-billed Cuckoo,dayyear,0.0927,0.2198,-0.2777,0.0876,0.4456,1.0366,1200,NE
Detection,Yellow Warbler,dayyear,-0.171,0.1459,-0.4044,-0.171,0.0694,1.0122,1200,NE
Detection,Yellow-throated Vireo,dayyear,0.1081,0.1888,-0.2103,0.105,0.4085,1.0179,1200,NE
Detection,Yellow-throated Warbler,dayyear,0.0393,0.224,-0.3269,0.0429,0.3991,1.0083,1200,NE
Detection,Acadian Flycatcher,seasons,0.1281,0.1208,-0.072,0.1325,0.3217,1.005,1099,NE
Detection,Alder Flycatcher,seasons,0.1501,0.1972,-0.1793,0.1483,0.4671,1.004,1200,NE
Detection,American Crow,seasons,0.273,0.129,0.0597,0.2762,0.477,1.0129,1199,R
Detection,American Goldfinch,seasons,0.0925,0.0958,-0.0647,0.0914,0.2493,1.0026,1200,M
Detection,American Kestrel,seasons,0.1225,0.1883,-0.1914,0.1214,0.4377,1.0155,1200,R
Detection,American Redstart,seasons,0.2721,0.1894,-0.0222,0.2676,0.5942,1.01,1200,NE
Detection,American Robin,seasons,0.1771,0.1015,0.0139,0.1739,0.3423,1.0081,1200,M
Detection,American Woodcock,seasons,0.1508,0.1862,-0.165,0.1582,0.4342,1.0145,1200,M
Detection,Barred Owl,seasons,0.1878,0.1915,-0.1095,0.1881,0.5077,1.0016,1200,R
Detection,Bald Eagle,seasons,0.1902,0.179,-0.1064,0.1872,0.4885,1.0057,1200,R
Detection,Bank Swallow,seasons,0.1423,0.1926,-0.1741,0.1473,0.475,1.002,1200,NE
Detection,Baltimore Oriole,seasons,0.0733,0.1264,-0.1371,0.077,0.2804,1.0128,1347,NE
Detection,Barn Swallow,seasons,0.0489,0.1728,-0.2379,0.0514,0.329,1.0031,1145,NE
Detection,Black-capped Chickadee,seasons,0.0183,0.0941,-0.1356,0.0155,0.1725,1.0144,1200,R
Detection,Belted Kingfisher,seasons,0.15,0.1567,-0.108,0.1507,0.4085,1.023,1200,R
Detection,Blue-gray Gnatcatcher,seasons,-0.0284,0.1113,-0.2084,-0.0269,0.1533,1.0044,1200,M
Detection,Brown-headed Cowbird,seasons,0.3411,0.1002,0.1787,0.3408,0.5079,1.0069,1200,M
Detection,Blue-headed Vireo,seasons,0.1451,0.1973,-0.1694,0.1421,0.4799,1.0005,1323,NE
Detection,Blue Jay,seasons,0.0535,0.0942,-0.1045,0.0552,0.2047,1.0025,1083,M
Detection,Bobolink,seasons,0.1477,0.1955,-0.1706,0.1496,0.4731,1.0085,1200,NE
Detection,Brown Creeper,seasons,0.1664,0.1697,-0.1098,0.1596,0.4407,1.0047,1411,M
Detection,Brown Thrasher,seasons,0.1254,0.1936,-0.2047,0.1328,0.4198,1.0067,1062,M
Detection,Black-throated Green Warbler,seasons,0.1481,0.1922,-0.1659,0.1483,0.469,1.0216,1200,NE
Detection,Broad-winged Hawk,seasons,0.1476,0.1906,-0.167,0.1553,0.4503,1.0078,1200,NE
Detection,Blue-winged Warbler,seasons,0.1565,0.1905,-0.1609,0.1618,0.4599,1.0003,1200,NE
Detection,Canada Goose,seasons,0.0466,0.1693,-0.2314,0.0489,0.3225,1.0183,1193,R
Detection,Carolina Wren,seasons,0.4196,0.138,0.1998,0.4197,0.6449,1.0024,1200,R
Detection,Cedar Waxwing,seasons,0.1942,0.1259,-0.0166,0.193,0.3946,1.0041,1200,M
Detection,Cerulean Warbler,seasons,0.1494,0.1944,-0.169,0.1506,0.4663,1.0063,1200,NE
Detection,Chipping Sparrow,seasons,0.2073,0.1431,-0.0284,0.2031,0.4323,1.0011,1200,M
Detection,Chimney Swift,seasons,0.079,0.1133,-0.1016,0.0793,0.2663,1.0012,1738,NE
Detection,Cliff Swallow,seasons,0.1664,0.1879,-0.1465,0.1676,0.4821,1.0095,1200,NE
Detection,Common Grackle,seasons,0.3611,0.1302,0.1482,0.3585,0.5686,1.0091,1200,M
Detection,Cooper's Hawk,seasons,0.2034,0.1795,-0.0834,0.2035,0.5006,1.0012,1200,M
Detection,Common Yellowthroat,seasons,0.1,0.1437,-0.1376,0.097,0.336,1.0046,1200,NE
Detection,Dark-eyed Junco,seasons,0.0029,0.1765,-0.302,0.0055,0.2856,0.9996,1200,R
Detection,Downy Woodpecker,seasons,0.3108,0.0976,0.1552,0.3086,0.4695,1.0067,1200,R
Detection,Eastern Bluebird,seasons,0.1041,0.1556,-0.1603,0.1017,0.3569,1.0006,1200,M
Detection,Eastern Kingbird,seasons,0.0472,0.1787,-0.2471,0.0476,0.3333,1.0054,959,NE
Detection,Eastern Meadowlark,seasons,0.1002,0.1972,-0.2192,0.1003,0.4272,0.9996,1094,M
Detection,Eastern Phoebe,seasons,-0.0727,0.1863,-0.3909,-0.0705,0.2169,1.0063,1101,M
Detection,Eastern Towhee,seasons,0.1467,0.152,-0.097,0.1475,0.3866,0.9997,1200,M
Detection,Eastern Wood-Pewee,seasons,0.365,0.1061,0.1966,0.3633,0.5454,1.0054,1335,NE
Detection,European Starling,seasons,0.0561,0.1586,-0.2174,0.0595,0.3118,1.0012,1200,R
Detection,Field Sparrow,seasons,0.1494,0.1862,-0.1645,0.1527,0.448,1.0032,1200,M
Detection,Great Blue Heron,seasons,0.0663,0.1753,-0.2354,0.072,0.3462,0.9993,1176,M
Detection,Great Crested Flycatcher,seasons,0.0785,0.105,-0.0997,0.0813,0.2476,1.0036,1200,NE
Detection,Great Horned Owl,seasons,0.1613,0.193,-0.1551,0.1639,0.4825,1.0035,1200,R
Detection,Gray Catbird,seasons,0.1256,0.1162,-0.0663,0.1254,0.3169,1.0082,1200,M
Detection,Green Heron,seasons,0.141,0.2024,-0.1935,0.1462,0.4646,1.0013,1200,M
Detection,Hairy Woodpecker,seasons,0.0527,0.1239,-0.1492,0.0548,0.2584,1.0012,1091,R
Detection,Herring Gull,seasons,0.1165,0.1964,-0.214,0.1188,0.4325,1.0048,1200,R
Detection,Hermit Thrush,seasons,0.1016,0.1995,-0.2384,0.1071,0.4278,1.0031,1200,NE
Detection,House Finch,seasons,0.173,0.1413,-0.058,0.1743,0.4023,1.0059,1200,R
Detection,House Sparrow,seasons,0.0633,0.1499,-0.1898,0.0638,0.3082,1.0024,1200,R
Detection,Hooded Warbler,seasons,0.0566,0.1447,-0.1921,0.0596,0.2847,1.0044,1444,NE
Detection,House Wren,seasons,-0.0752,0.1328,-0.2942,-0.0741,0.1472,1,1200,M
Detection,Indigo Bunting,seasons,0.2149,0.1255,0.0088,0.2133,0.4202,1.003,1200,NE
Detection,Killdeer,seasons,0.0501,0.1795,-0.24,0.0529,0.3354,1.0094,1079,M
Detection,Louisiana Waterthrush,seasons,0.1002,0.1794,-0.1968,0.1002,0.3931,1.0026,1200,NE
Detection,Mallard,seasons,0.1639,0.1829,-0.1277,0.1604,0.4746,1.0003,1200,M
Detection,Mourning Dove,seasons,0.1337,0.1515,-0.1128,0.1304,0.3796,1.0056,1815,M
Detection,Northern Cardinal,seasons,0.2523,0.1035,0.084,0.2536,0.4266,1.006,1200,R
Detection,Northern Flicker,seasons,0.1999,0.1287,-0.0058,0.1943,0.4186,1.0037,1200,M
Detection,Northern Parula,seasons,0.1416,0.1882,-0.1797,0.1374,0.4573,1.0091,1200,M
Detection,Northern Rough-winged Swallow,seasons,0.0459,0.1682,-0.2357,0.0555,0.3107,1.008,1175,M
Detection,Orchard Oriole,seasons,0.2666,0.1709,-0.0057,0.2677,0.5603,1.0153,1200,NE
Detection,Ovenbird,seasons,0.1113,0.1858,-0.1985,0.1161,0.4052,1.0029,1506,NE
Detection,Pileated Woodpecker,seasons,0.1668,0.1261,-0.0428,0.1683,0.369,0.9999,1200,R
Detection,Purple Finch,seasons,0.1465,0.1922,-0.1574,0.1449,0.4642,0.9996,1200,M
Detection,Purple Martin,seasons,0.147,0.1931,-0.1618,0.1401,0.4621,1.0012,1200,NE
Detection,Rose-breasted Grosbeak,seasons,0.1715,0.1352,-0.0431,0.1706,0.3909,1.0156,1200,NE
Detection,Ring-billed Gull,seasons,0.1089,0.166,-0.1742,0.1179,0.3715,1.0053,1200,R
Detection,Red-breasted Nuthatch,seasons,0.1497,0.1938,-0.1642,0.1476,0.4772,1.0009,1200,M
Detection,Red-bellied Woodpecker,seasons,0.3105,0.0922,0.163,0.3061,0.4657,1.0014,1200,R
Detection,Red-eyed Vireo,seasons,0.1052,0.0989,-0.052,0.1037,0.2636,1.0068,1200,NE
Detection,Red-headed Woodpecker,seasons,0.2228,0.1876,-0.0797,0.2182,0.5353,1.0046,1200,R
Detection,Rock Pigeon,seasons,0.1281,0.1943,-0.1959,0.1322,0.4371,1.0157,1200,R
Detection,Red-shouldered Hawk,seasons,0.0115,0.1723,-0.2837,0.0218,0.2803,1.0008,1200,R
Detection,Red-tailed Hawk,seasons,0.2651,0.1734,-0.0261,0.2639,0.5466,1.0041,1200,R
Detection,Ruby-throated Hummingbird,seasons,0.3639,0.1397,0.1402,0.3575,0.5969,1.0134,1051,NE
Detection,Red-winged Blackbird,seasons,0.2309,0.1364,0.0245,0.2266,0.4534,1.0001,1200,M
Detection,Savannah Sparrow,seasons,0.1095,0.1968,-0.2039,0.11,0.4219,1.0072,1236,M
Detection,Scarlet Tanager,seasons,0.001,0.1134,-0.1878,0.0009,0.188,0.9994,1348,NE
Detection,Song Sparrow,seasons,0.1895,0.1177,-0.0038,0.19,0.3846,1.0083,1200,R
Detection,Swamp Sparrow,seasons,0.1686,0.1848,-0.1383,0.1677,0.4647,1.0014,1200,M
Detection,Tree Swallow,seasons,0.1486,0.1837,-0.1435,0.1484,0.4479,1.0005,1200,M
Detection,Tufted Titmouse,seasons,0.3881,0.0949,0.2331,0.39,0.5402,1.0284,1200,R
Detection,Turkey Vulture,seasons,0.0669,0.1681,-0.2013,0.0657,0.3511,1.008,1312,M
Detection,Veery,seasons,0.1903,0.1657,-0.0673,0.1852,0.4544,1.0008,1200,NE
Detection,Virginia Rail,seasons,0.1416,0.1853,-0.164,0.145,0.4372,0.9994,1200,M
Detection,Warbling Vireo,seasons,0.2117,0.1561,-0.0449,0.2132,0.4691,1.0102,1200,NE
Detection,White-breasted Nuthatch,seasons,0.0846,0.0922,-0.0666,0.087,0.2368,1.0022,1200,R
Detection,White-eyed Vireo,seasons,0.2164,0.1886,-0.0967,0.2139,0.5308,1.0054,1200,NE
Detection,Willow Flycatcher,seasons,0.0529,0.1828,-0.2534,0.0557,0.3391,1.0157,1321,NE
Detection,Wild Turkey,seasons,0.1124,0.1712,-0.1733,0.1134,0.3892,0.9996,1200,R
Detection,Winter Wren,seasons,0.1101,0.1946,-0.2064,0.1079,0.4272,1.0047,1200,M
Detection,Wood Duck,seasons,0.1689,0.1944,-0.1428,0.1707,0.4852,1.0078,1200,M
Detection,Wood Thrush,seasons,0.1554,0.1123,-0.0232,0.1529,0.3358,1.0014,1200,NE
Detection,Yellow-billed Cuckoo,seasons,0.1764,0.1814,-0.1135,0.1699,0.4837,1.0023,1200,NE
Detection,Yellow Warbler,seasons,0.1546,0.1375,-0.0639,0.1538,0.3908,1.0047,1653,NE
Detection,Yellow-throated Vireo,seasons,0.2022,0.1631,-0.0651,0.2026,0.4661,1.0021,1200,NE
Detection,Yellow-throated Warbler,seasons,0.0939,0.1794,-0.212,0.0936,0.3737,1.0055,1200,NE
